station_name,date,o3_8hr,pm10_24hr,pm25_24hr,aqi_site,station_latitude,station_longitude,year,month,season,is_weekend,tavg,tmin,tmax,prcp,wspd,pres,weather_matched,nearest_facility_name,nearest_facility_distance_km,npi_facilities_within_5km,npi_facilities_within_10km,aqi_band
Civic,01-01-2025,0.023,9.946,7.062,36.083,-35.285,149.132,2025,1,Summer,FALSE,22.4,17.5,32.3,0,14.8,1012,TRUE,AUSTRALIAN NATIONAL UNIVERSITY,1.369,11,38,Fair
Civic,02-01-2025,0.018,12.383,5.238,27.667,-35.285,149.132,2025,1,Summer,FALSE,16.9,14.7,22.9,0,16.8,1017.5,TRUE,AUSTRALIAN NATIONAL UNIVERSITY,1.369,11,38,Good
Civic,03-01-2025,0.02,8.604,5.429,30.208,-35.285,149.132,2025,1,Summer,FALSE,20.9,13.7,31,0,12.7,1018.4,TRUE,AUSTRALIAN NATIONAL UNIVERSITY,1.369,11,38,Good
Civic,04-01-2025,0.023,13.767,8.371,39.625,-35.285,149.132,2025,1,Summer,TRUE,24.9,12.3,33.5,0,12.7,1015.8,TRUE,AUSTRALIAN NATIONAL UNIVERSITY,1.369,11,38,Fair
Civic,05-01-2025,0.027,14.833,7.517,42.292,-35.285,149.132,2025,1,Summer,TRUE,24.4,14.9,36.4,0,14.1,1015.4,TRUE,AUSTRALIAN NATIONAL UNIVERSITY,1.369,11,38,Fair
Civic,06-01-2025,0.027,12.625,5.642,40.875,-35.285,149.132,2025,1,Summer,FALSE,22.7,13.1,34.4,5.1,10.7,1014.8,TRUE,AUSTRALIAN NATIONAL UNIVERSITY,1.369,11,38,Fair
Civic,07-01-2025,0.016,10.271,4.114,26.25,-35.285,149.132,2025,1,Summer,FALSE,15.4,14.1,21.3,0,18.1,1018.7,TRUE,AUSTRALIAN NATIONAL UNIVERSITY,1.369,11,38,Good
Civic,08-01-2025,0.016,5.546,2.359,24.208,-35.285,149.132,2025,1,Summer,FALSE,17.1,6.6,23.1,0,18.9,1019.2,TRUE,AUSTRALIAN NATIONAL UNIVERSITY,1.369,11,38,Good
Civic,09-01-2025,0.016,12.683,4.292,25.917,-35.285,149.132,2025,1,Summer,FALSE,20.4,11.3,28.2,0,14.6,1015.8,TRUE,AUSTRALIAN NATIONAL UNIVERSITY,1.369,11,38,Good
Civic,10-01-2025,0.014,5.012,4.317,21.5,-35.285,149.132,2025,1,Summer,FALSE,19.1,14.1,24.5,12.2,12.1,1015.3,TRUE,AUSTRALIAN NATIONAL UNIVERSITY,1.369,11,38,Good
Civic,11-01-2025,0.014,4.35,2.425,21.917,-35.285,149.132,2025,1,Summer,TRUE,20.5,15.9,27.4,4.3,13.6,1012.6,TRUE,AUSTRALIAN NATIONAL UNIVERSITY,1.369,11,38,Good
Civic,12-01-2025,0.018,8.204,4.258,28.917,-35.285,149.132,2025,1,Summer,TRUE,20.8,16.6,30.3,17.3,11.3,1008.9,TRUE,AUSTRALIAN NATIONAL UNIVERSITY,1.369,11,38,Good
Civic,13-01-2025,0.022,11.596,4.238,34.375,-35.285,149.132,2025,1,Summer,FALSE,23.4,13.2,32.9,6.1,11.3,1006.4,TRUE,AUSTRALIAN NATIONAL UNIVERSITY,1.369,11,38,Fair
Civic,14-01-2025,0.029,20.142,6.325,47.292,-35.285,149.132,2025,1,Summer,FALSE,24.1,17.2,32.6,0.3,12.9,1006.4,TRUE,AUSTRALIAN NATIONAL UNIVERSITY,1.369,11,38,Fair
Civic,15-01-2025,0.032,20.067,8.654,49,-35.285,149.132,2025,1,Summer,FALSE,21.5,17.2,35.9,17.8,12.6,1000.2,TRUE,AUSTRALIAN NATIONAL UNIVERSITY,1.369,11,38,Fair
Civic,16-01-2025,0.019,17.033,3.613,37.417,-35.285,149.132,2025,1,Summer,FALSE,16.8,14.8,24.8,0,23.4,1003.3,TRUE,AUSTRALIAN NATIONAL UNIVERSITY,1.369,11,38,Fair
Civic,17-01-2025,0.016,12.638,3.354,26.042,-35.285,149.132,2025,1,Summer,FALSE,18.4,9.7,25.5,0,27.7,1012.8,TRUE,AUSTRALIAN NATIONAL UNIVERSITY,1.369,11,38,Good
Civic,18-01-2025,0.016,12.642,4.108,25.625,-35.285,149.132,2025,1,Summer,TRUE,18.1,13.2,23.3,0,27.4,1019,TRUE,AUSTRALIAN NATIONAL UNIVERSITY,1.369,11,38,Good
Civic,19-01-2025,0.015,7.671,2.533,23.75,-35.285,149.132,2025,1,Summer,TRUE,16.8,13.6,25.1,0,16.9,1017.3,TRUE,AUSTRALIAN NATIONAL UNIVERSITY,1.369,11,38,Good
Civic,20-01-2025,0.015,17.054,6.012,34,-35.285,149.132,2025,1,Summer,FALSE,20.3,8.3,29.8,0,8,1011.1,TRUE,AUSTRALIAN NATIONAL UNIVERSITY,1.369,11,38,Fair
Civic,21-01-2025,0.015,23.929,8.433,47.917,-35.285,149.132,2025,1,Summer,FALSE,22.9,12.7,32.1,0,9.3,1008.2,TRUE,AUSTRALIAN NATIONAL UNIVERSITY,1.369,11,38,Fair
Civic,22-01-2025,0.02,27.142,10.188,54.25,-35.285,149.132,2025,1,Summer,FALSE,20.9,14.5,32.7,0,12.1,1005.7,TRUE,AUSTRALIAN NATIONAL UNIVERSITY,1.369,11,38,Fair
Civic,23-01-2025,0.014,20.254,6.612,40.5,-35.285,149.132,2025,1,Summer,FALSE,17.2,12.4,20.5,7.6,14,1009.1,TRUE,AUSTRALIAN NATIONAL UNIVERSITY,1.369,11,38,Fair
Civic,24-01-2025,0.015,9.558,4.208,25.5,-35.285,149.132,2025,1,Summer,FALSE,18.3,13.3,25.2,0,11.7,1006.3,TRUE,AUSTRALIAN NATIONAL UNIVERSITY,1.369,11,38,Good
Civic,25-01-2025,0.017,10.812,5.358,27.208,-35.285,149.132,2025,1,Summer,TRUE,20.7,10.7,29.1,0,9.4,1011.5,TRUE,AUSTRALIAN NATIONAL UNIVERSITY,1.369,11,38,Good
Civic,26-01-2025,0.016,13.15,7.783,32.042,-35.285,149.132,2025,1,Summer,TRUE,21.1,12.8,26.7,0,15.1,1012.8,TRUE,AUSTRALIAN NATIONAL UNIVERSITY,1.369,11,38,Good
Civic,27-01-2025,0.023,10.692,6.112,36,-35.285,149.132,2025,1,Summer,FALSE,26.3,17.8,36.3,0,14,1010.3,TRUE,AUSTRALIAN NATIONAL UNIVERSITY,1.369,11,38,Fair
Civic,28-01-2025,0.026,25.179,7.575,52.125,-35.285,149.132,2025,1,Summer,FALSE,23.4,16.4,37.5,0,19.5,1010.1,TRUE,AUSTRALIAN NATIONAL UNIVERSITY,1.369,11,38,Fair
Civic,29-01-2025,0.015,25.588,6.562,51.833,-35.285,149.132,2025,1,Summer,FALSE,19.3,14.8,27.8,0,16.1,1013.9,TRUE,AUSTRALIAN NATIONAL UNIVERSITY,1.369,11,38,Fair
Civic,30-01-2025,0.015,14.567,5.683,29.167,-35.285,149.132,2025,1,Summer,FALSE,19.8,10.9,27,0,12.8,1011.8,TRUE,AUSTRALIAN NATIONAL UNIVERSITY,1.369,11,38,Good
Civic,31-01-2025,0.014,8.346,4.533,22.625,-35.285,149.132,2025,1,Summer,FALSE,19.5,14.8,26.7,0,13.1,1016.2,TRUE,AUSTRALIAN NATIONAL UNIVERSITY,1.369,11,38,Good
Civic,01-02-2025,0.015,8.071,3.812,23.125,-35.285,149.132,2025,2,Summer,TRUE,22.2,12.3,30.1,0,14.9,1019.4,TRUE,AUSTRALIAN NATIONAL UNIVERSITY,1.369,11,38,Good
Civic,02-02-2025,0.02,11.592,3.871,30.25,-35.285,149.132,2025,2,Summer,TRUE,21.9,17.6,33.1,0,13.9,1018,TRUE,AUSTRALIAN NATIONAL UNIVERSITY,1.369,11,38,Good
Civic,03-02-2025,0.02,11.783,4.404,32.875,-35.285,149.132,2025,2,Summer,FALSE,23.7,10.6,34.1,0,12,1015.6,TRUE,AUSTRALIAN NATIONAL UNIVERSITY,1.369,11,38,Good
Civic,04-02-2025,0.019,16.108,6.467,35.667,-35.285,149.132,2025,2,Summer,FALSE,27.1,13.4,35.7,0,10,1011.6,TRUE,AUSTRALIAN NATIONAL UNIVERSITY,1.369,11,38,Fair
Civic,05-02-2025,0.022,26.213,6.704,52.542,-35.285,149.132,2025,2,Summer,FALSE,21.1,17.9,34.4,4.6,11.2,1010.9,TRUE,AUSTRALIAN NATIONAL UNIVERSITY,1.369,11,38,Fair
Civic,06-02-2025,0.023,15.979,7.979,43,-35.285,149.132,2025,2,Summer,FALSE,23.5,15.5,33.4,0,10.7,1012.8,TRUE,AUSTRALIAN NATIONAL UNIVERSITY,1.369,11,38,Fair
Civic,07-02-2025,0.025,18.567,8.396,43.625,-35.285,149.132,2025,2,Summer,FALSE,24.7,14,35.4,5.8,13.4,1009.7,TRUE,AUSTRALIAN NATIONAL UNIVERSITY,1.369,11,38,Fair
Civic,08-02-2025,0.026,16.308,7.342,43.75,-35.285,149.132,2025,2,Summer,TRUE,21.5,17,31.3,0,12.3,1008.4,TRUE,AUSTRALIAN NATIONAL UNIVERSITY,1.369,11,38,Fair
Civic,09-02-2025,0.023,7.4,3.192,35,-35.285,149.132,2025,2,Summer,TRUE,19.8,14.2,29.1,16.8,9.7,1010,TRUE,AUSTRALIAN NATIONAL UNIVERSITY,1.369,11,38,Fair
Civic,10-02-2025,0.022,5.337,2.742,33.75,-35.285,149.132,2025,2,Summer,FALSE,18.2,15.6,26,1.5,14.9,1011.2,TRUE,AUSTRALIAN NATIONAL UNIVERSITY,1.369,11,38,Fair
Civic,11-02-2025,0.02,6.721,1.633,31.208,-35.285,149.132,2025,2,Summer,FALSE,19.3,11.8,25.6,0.8,8.7,1011.1,TRUE,AUSTRALIAN NATIONAL UNIVERSITY,1.369,11,38,Good
Civic,12-02-2025,0.016,5.654,3.454,27.833,-35.285,149.132,2025,2,Summer,FALSE,21.6,11.7,28.1,0,13.2,1012.5,TRUE,AUSTRALIAN NATIONAL UNIVERSITY,1.369,11,38,Good
Civic,13-02-2025,0.023,6.146,2.842,34.75,-35.285,149.132,2025,2,Summer,FALSE,23.7,16.4,30.2,9.9,14.5,1009.6,TRUE,AUSTRALIAN NATIONAL UNIVERSITY,1.369,11,38,Fair
Civic,14-02-2025,0.023,11.854,7.538,36,-35.285,149.132,2025,2,Summer,FALSE,18.6,16.9,25.7,7.6,12.8,1004.8,TRUE,AUSTRALIAN NATIONAL UNIVERSITY,1.369,11,38,Fair
Civic,15-02-2025,0.017,13.304,3.004,28.667,-35.285,149.132,2025,2,Summer,TRUE,13.7,13.5,22.1,0,19.7,1003.1,TRUE,AUSTRALIAN NATIONAL UNIVERSITY,1.369,11,38,Good
Civic,16-02-2025,0.013,8.962,0.856,21.708,-35.285,149.132,2025,2,Summer,TRUE,12.6,3.2,19.7,0,12.6,1010.3,TRUE,AUSTRALIAN NATIONAL UNIVERSITY,1.369,11,38,Good
Civic,17-02-2025,0.014,8.954,3.808,22.667,-35.285,149.132,2025,2,Summer,FALSE,14.4,4.1,24,0,11.4,1017.1,TRUE,AUSTRALIAN NATIONAL UNIVERSITY,1.369,11,38,Good
Civic,18-02-2025,0.013,11.95,4.762,25.208,-35.285,149.132,2025,2,Summer,FALSE,17.4,5.6,26.6,0,9.1,1013.4,TRUE,AUSTRALIAN NATIONAL UNIVERSITY,1.369,11,38,Good
Civic,19-02-2025,0.019,17.917,7.35,36.667,-35.285,149.132,2025,2,Summer,FALSE,18.7,10.2,26.6,0,12.3,1013.3,TRUE,AUSTRALIAN NATIONAL UNIVERSITY,1.369,11,38,Fair
Civic,20-02-2025,0.015,12.846,6.029,27.542,-35.285,149.132,2025,2,Summer,FALSE,17.1,13.9,24.4,0,11.8,1018.7,TRUE,AUSTRALIAN NATIONAL UNIVERSITY,1.369,11,38,Good
Civic,21-02-2025,0.015,12.158,3.842,27.625,-35.285,149.132,2025,2,Summer,FALSE,20.7,7.2,27.7,0,11.3,1023,TRUE,AUSTRALIAN NATIONAL UNIVERSITY,1.369,11,38,Good
Civic,22-02-2025,0.021,10.308,5.483,32.875,-35.285,149.132,2025,2,Summer,TRUE,21.7,16.4,30.5,0,9.2,1021,TRUE,AUSTRALIAN NATIONAL UNIVERSITY,1.369,11,38,Good
Civic,23-02-2025,0.022,12.442,5.617,33.5,-35.285,149.132,2025,2,Summer,TRUE,21.8,12.6,28.3,0.3,11.9,1017.1,TRUE,AUSTRALIAN NATIONAL UNIVERSITY,1.369,11,38,Fair
Civic,24-02-2025,0.018,16.683,6.65,34.375,-35.285,149.132,2025,2,Summer,FALSE,22.2,14.3,33.2,0,13.6,1017.5,TRUE,AUSTRALIAN NATIONAL UNIVERSITY,1.369,11,38,Fair
Civic,25-02-2025,0.016,14.5,3.96,24.208,-35.285,149.132,2025,2,Summer,FALSE,19.1,15.5,24.8,0,16.2,1023.3,TRUE,AUSTRALIAN NATIONAL UNIVERSITY,1.369,11,38,Good
Civic,26-02-2025,0.022,,,17.875,-35.285,149.132,2025,2,Summer,FALSE,23.3,15.4,32.9,0,9.4,1019.3,TRUE,AUSTRALIAN NATIONAL UNIVERSITY,1.369,11,38,Good
Civic,27-02-2025,0.02,21.122,9.495,44.208,-35.285,149.132,2025,2,Summer,FALSE,24.7,16,35.1,0,10.7,1015.1,TRUE,AUSTRALIAN NATIONAL UNIVERSITY,1.369,11,38,Fair
Civic,28-02-2025,0.019,27.296,12.958,59.417,-35.285,149.132,2025,2,Summer,FALSE,25.3,15.7,32.8,0,12.1,1013.6,TRUE,AUSTRALIAN NATIONAL UNIVERSITY,1.369,11,38,Fair
Civic,01-03-2025,0.022,23.533,4.312,49.667,-35.285,149.132,2025,3,Autumn,TRUE,23.2,9.8,34.1,0,10.7,1015,TRUE,AUSTRALIAN NATIONAL UNIVERSITY,1.369,11,38,Fair
Civic,02-03-2025,0.019,15.083,6.538,33.625,-35.285,149.132,2025,3,Autumn,TRUE,20.7,14.5,34.2,0,11,1013.6,TRUE,AUSTRALIAN NATIONAL UNIVERSITY,1.369,11,38,Fair
Civic,03-03-2025,0.016,9.192,3.792,25.458,-35.285,149.132,2025,3,Autumn,FALSE,18.7,10.4,26.9,0,13.9,1018.9,TRUE,AUSTRALIAN NATIONAL UNIVERSITY,1.369,11,38,Good
Civic,04-03-2025,0.014,11.921,3.529,24.667,-35.285,149.132,2025,3,Autumn,FALSE,16.4,9.8,25.5,0,16.6,1022.3,TRUE,AUSTRALIAN NATIONAL UNIVERSITY,1.369,11,38,Good
Civic,05-03-2025,0.013,34,4.275,68.125,-35.285,149.132,2025,3,Autumn,FALSE,19.3,7.3,28.1,0,12.1,1021.3,TRUE,AUSTRALIAN NATIONAL UNIVERSITY,1.369,11,38,Poor
Civic,06-03-2025,0.012,18.517,5.479,37.167,-35.285,149.132,2025,3,Autumn,FALSE,18.1,11.8,27,0,17.6,1021.4,TRUE,AUSTRALIAN NATIONAL UNIVERSITY,1.369,11,38,Fair
Civic,07-03-2025,0.012,12.379,2.971,25.583,-35.285,149.132,2025,3,Autumn,FALSE,17.8,9.9,24.5,0,16.9,1022.1,TRUE,AUSTRALIAN NATIONAL UNIVERSITY,1.369,11,38,Good
Civic,08-03-2025,0.013,5.05,1.575,20.625,-35.285,149.132,2025,3,Autumn,TRUE,19.1,11.6,27.7,0,15.7,1022.7,TRUE,AUSTRALIAN NATIONAL UNIVERSITY,1.369,11,38,Good
Civic,09-03-2025,0.014,4.8,2.988,21.875,-35.285,149.132,2025,3,Autumn,TRUE,20.7,11.8,29.6,0,11.8,1021.5,TRUE,AUSTRALIAN NATIONAL UNIVERSITY,1.369,11,38,Good
Civic,10-03-2025,0.015,8.583,5.417,25.083,-35.285,149.132,2025,3,Autumn,FALSE,20.3,13.4,31.3,22.1,8.7,1019.5,TRUE,AUSTRALIAN NATIONAL UNIVERSITY,1.369,11,38,Good
Civic,11-03-2025,0.013,10.9,6.75,28.792,-35.285,149.132,2025,3,Autumn,FALSE,18.9,14.7,26.4,0,14.2,1021.2,TRUE,AUSTRALIAN NATIONAL UNIVERSITY,1.369,11,38,Good
Civic,12-03-2025,0.013,11.254,5.708,25.875,-35.285,149.132,2025,3,Autumn,FALSE,19.7,12.3,27.3,0,7.6,1021.1,TRUE,AUSTRALIAN NATIONAL UNIVERSITY,1.369,11,38,Good
Civic,13-03-2025,0.009,9.283,5.038,21.875,-35.285,149.132,2025,3,Autumn,FALSE,20.7,13,31.5,6.1,9.5,1018.5,TRUE,AUSTRALIAN NATIONAL UNIVERSITY,1.369,11,38,Good
Civic,14-03-2025,0.011,16.558,6.913,33.542,-35.285,149.132,2025,3,Autumn,FALSE,23.2,14.3,33.2,0.3,9.4,1018.8,TRUE,AUSTRALIAN NATIONAL UNIVERSITY,1.369,11,38,Fair
Civic,15-03-2025,0.022,21.938,7.158,45.625,-35.285,149.132,2025,3,Autumn,TRUE,23.6,12.6,34.6,0,9,1018.2,TRUE,AUSTRALIAN NATIONAL UNIVERSITY,1.369,11,38,Fair
Civic,16-03-2025,0.016,31.867,8.908,63.708,-35.285,149.132,2025,3,Autumn,TRUE,20.2,14.8,33.1,0,20.8,1009.8,TRUE,AUSTRALIAN NATIONAL UNIVERSITY,1.369,11,38,Fair
Civic,17-03-2025,0.018,23.183,1.522,48.333,-35.285,149.132,2025,3,Autumn,FALSE,12.6,7.2,21.3,0,18.9,1017.7,TRUE,AUSTRALIAN NATIONAL UNIVERSITY,1.369,11,38,Fair
Civic,18-03-2025,0.015,15.833,3.033,32.583,-35.285,149.132,2025,3,Autumn,FALSE,15.9,4.5,24.6,0,9.9,1021.8,TRUE,AUSTRALIAN NATIONAL UNIVERSITY,1.369,11,38,Good
Civic,19-03-2025,0.016,21.583,8.383,43.125,-35.285,149.132,2025,3,Autumn,FALSE,21.7,8.6,30,0,9.9,1019.5,TRUE,AUSTRALIAN NATIONAL UNIVERSITY,1.369,11,38,Fair
Civic,20-03-2025,0.017,28.867,9.892,57.667,-35.285,149.132,2025,3,Autumn,FALSE,22.7,13.3,29.1,5.3,9.9,1017.3,TRUE,AUSTRALIAN NATIONAL UNIVERSITY,1.369,11,38,Fair
Civic,21-03-2025,0.017,22.433,8.312,46.625,-35.285,149.132,2025,3,Autumn,FALSE,19.2,16.4,27.5,0.5,11,1014.1,TRUE,AUSTRALIAN NATIONAL UNIVERSITY,1.369,11,38,Fair
Civic,22-03-2025,0.021,8.071,2.6,32.417,-35.285,149.132,2025,3,Autumn,TRUE,20.1,12.6,27.1,0,9.4,1016.6,TRUE,AUSTRALIAN NATIONAL UNIVERSITY,1.369,11,38,Good
Civic,23-03-2025,0.019,4.217,3.192,28.375,-35.285,149.132,2025,3,Autumn,TRUE,18.6,15.6,25.8,0,8.9,1019.7,TRUE,AUSTRALIAN NATIONAL UNIVERSITY,1.369,11,38,Good
Civic,24-03-2025,0.021,6.404,3.342,33.083,-35.285,149.132,2025,3,Autumn,FALSE,21.7,12.8,30.7,0,7.2,1019.1,TRUE,AUSTRALIAN NATIONAL UNIVERSITY,1.369,11,38,Fair
Civic,25-03-2025,0.021,10.133,4.558,33.167,-35.285,149.132,2025,3,Autumn,FALSE,20.4,14.5,28.2,0,11.7,1021.6,TRUE,AUSTRALIAN NATIONAL UNIVERSITY,1.369,11,38,Fair
Civic,26-03-2025,0.017,9.842,5.971,29.667,-35.285,149.132,2025,3,Autumn,FALSE,20.1,14.2,30.3,0,10.7,1021.1,TRUE,AUSTRALIAN NATIONAL UNIVERSITY,1.369,11,38,Good
Civic,27-03-2025,0.016,11.362,4.788,26.792,-35.285,149.132,2025,3,Autumn,FALSE,18.6,11.6,26.9,0,11.8,1022.6,TRUE,AUSTRALIAN NATIONAL UNIVERSITY,1.369,11,38,Good
Civic,28-03-2025,0.016,7.217,3.35,24.167,-35.285,149.132,2025,3,Autumn,FALSE,17.4,14,24.4,13.5,12.7,1021.5,TRUE,AUSTRALIAN NATIONAL UNIVERSITY,1.369,11,38,Good
Civic,29-03-2025,0.013,4.129,3.708,20.542,-35.285,149.132,2025,3,Autumn,TRUE,17.3,15.1,18.1,7.1,13.6,1013,TRUE,AUSTRALIAN NATIONAL UNIVERSITY,1.369,11,38,Good
Civic,30-03-2025,0.019,5.033,0.443,28.708,-35.285,149.132,2025,3,Autumn,TRUE,17.7,16.3,22.6,0.3,23.5,1011.8,TRUE,AUSTRALIAN NATIONAL UNIVERSITY,1.369,11,38,Good
Civic,31-03-2025,0.017,4.554,0.6,25.125,-35.285,149.132,2025,3,Autumn,FALSE,15.7,13.8,21.5,0,31.4,1014,TRUE,AUSTRALIAN NATIONAL UNIVERSITY,1.369,11,38,Good
Civic,01-04-2025,0.016,10.346,0.845,25.708,-35.285,149.132,2025,4,Autumn,FALSE,12.9,9.4,21.8,0,20,1015.3,TRUE,AUSTRALIAN NATIONAL UNIVERSITY,1.369,11,38,Good
Civic,02-04-2025,0.013,20.458,2.608,40.917,-35.285,149.132,2025,4,Autumn,FALSE,14.1,3.7,23.7,0,7,1011,TRUE,AUSTRALIAN NATIONAL UNIVERSITY,1.369,11,38,Fair
Civic,03-04-2025,0.012,19.146,6.392,38.958,-35.285,149.132,2025,4,Autumn,FALSE,14.6,5.6,24,0,7,1011.4,TRUE,AUSTRALIAN NATIONAL UNIVERSITY,1.369,11,38,Fair
Civic,04-04-2025,0.016,24.517,10.542,49.125,-35.285,149.132,2025,4,Autumn,FALSE,15.5,6.1,22.6,0,8.8,1015.5,TRUE,AUSTRALIAN NATIONAL UNIVERSITY,1.369,11,38,Fair
Civic,05-04-2025,0.022,24.879,7.383,49.708,-35.285,149.132,2025,4,Autumn,TRUE,11.9,10.6,23.1,0,18.2,1015.4,TRUE,AUSTRALIAN NATIONAL UNIVERSITY,1.369,11,38,Fair
Civic,06-04-2025,0.017,18.875,4.083,37.75,-35.285,149.132,2025,4,Autumn,TRUE,14.2,-0.1,20.7,0,13.7,1017.6,TRUE,AUSTRALIAN NATIONAL UNIVERSITY,1.369,11,38,Fair
Civic,07-04-2025,0.016,17.725,6.05,35.417,-35.285,149.132,2025,4,Autumn,FALSE,14.6,9.9,20.9,0,20,1018.3,TRUE,AUSTRALIAN NATIONAL UNIVERSITY,1.369,11,38,Fair
Civic,08-04-2025,0.016,18.667,6.625,37.333,-35.285,149.132,2025,4,Autumn,FALSE,15.9,8.3,22.6,0,7.7,1023.7,TRUE,AUSTRALIAN NATIONAL UNIVERSITY,1.369,11,38,Fair
Civic,09-04-2025,0.018,15.35,6.729,31.583,-35.285,149.132,2025,4,Autumn,FALSE,15.9,11.6,24.6,0,7.9,1023,TRUE,AUSTRALIAN NATIONAL UNIVERSITY,1.369,11,38,Good
Civic,10-04-2025,0.011,27.775,11.629,55.625,-35.285,149.132,2025,4,Autumn,FALSE,14.5,10.7,24.5,0,7.1,1021.5,TRUE,AUSTRALIAN NATIONAL UNIVERSITY,1.369,11,38,Fair
Civic,11-04-2025,0.01,37.225,12.854,74.375,-35.285,149.132,2025,4,Autumn,FALSE,16.8,4.4,28.4,0,7.7,1025.1,TRUE,AUSTRALIAN NATIONAL UNIVERSITY,1.369,11,38,Poor
Civic,12-04-2025,0.021,29.921,15.692,65.333,-35.285,149.132,2025,4,Autumn,TRUE,17.2,6.7,27.5,0,7.9,1030.7,TRUE,AUSTRALIAN NATIONAL UNIVERSITY,1.369,11,38,Fair
Civic,13-04-2025,0.017,20.096,10.404,45.625,-35.285,149.132,2025,4,Autumn,TRUE,15.3,8.3,26,0,5.8,1028.8,TRUE,AUSTRALIAN NATIONAL UNIVERSITY,1.369,11,38,Fair
Civic,14-04-2025,0.01,21.808,9.704,44.208,-35.285,149.132,2025,4,Autumn,FALSE,17.5,4.8,27.1,0,9,1026.2,TRUE,AUSTRALIAN NATIONAL UNIVERSITY,1.369,11,38,Fair
Civic,15-04-2025,0.019,22.542,7.419,45.208,-35.285,149.132,2025,4,Autumn,FALSE,11.1,6.9,20.7,0,13.7,1027.5,TRUE,AUSTRALIAN NATIONAL UNIVERSITY,1.369,11,38,Fair
Civic,16-04-2025,0.013,18.325,2.057,36.583,-35.285,149.132,2025,4,Autumn,FALSE,11.8,2,23.6,0,6.7,1022.2,TRUE,AUSTRALIAN NATIONAL UNIVERSITY,1.369,11,38,Fair
Civic,17-04-2025,0.009,17.35,5.267,34.667,-35.285,149.132,2025,4,Autumn,FALSE,13.6,1.3,25.2,0,7.4,1017.4,TRUE,AUSTRALIAN NATIONAL UNIVERSITY,1.369,11,38,Fair
Civic,18-04-2025,0.01,18.154,6.462,36.667,-35.285,149.132,2025,4,Autumn,FALSE,14.6,4.6,26.1,0,7.4,1014.5,TRUE,AUSTRALIAN NATIONAL UNIVERSITY,1.369,11,38,Fair
Civic,19-04-2025,0.013,22.021,8.267,44.042,-35.285,149.132,2025,4,Autumn,TRUE,14.1,5.5,26.6,0,6,1013.1,TRUE,AUSTRALIAN NATIONAL UNIVERSITY,1.369,11,38,Fair
Civic,20-04-2025,0.014,25.787,9.346,51.542,-35.285,149.132,2025,4,Autumn,TRUE,17.8,3.5,27.3,3.3,11.7,1012.1,TRUE,AUSTRALIAN NATIONAL UNIVERSITY,1.369,11,38,Fair
Civic,21-04-2025,0.015,13.833,9.592,38.542,-35.285,149.132,2025,4,Autumn,FALSE,14.3,10.5,22.3,7.9,10.9,1013,TRUE,AUSTRALIAN NATIONAL UNIVERSITY,1.369,11,38,Fair
Civic,22-04-2025,0.021,7.654,4.754,32.833,-35.285,149.132,2025,4,Autumn,FALSE,16.7,9.1,22.4,0.3,17.5,1018.6,TRUE,AUSTRALIAN NATIONAL UNIVERSITY,1.369,11,38,Good
Civic,23-04-2025,0.019,4.496,4.017,29.5,-35.285,149.132,2025,4,Autumn,FALSE,14.3,11.6,19.3,5.6,12.1,1023.9,TRUE,AUSTRALIAN NATIONAL UNIVERSITY,1.369,11,38,Good
Civic,24-04-2025,0.012,8.667,2.762,22.083,-35.285,149.132,2025,4,Autumn,FALSE,14.7,9.4,22.6,0.3,8.3,1023.1,TRUE,AUSTRALIAN NATIONAL UNIVERSITY,1.369,11,38,Good
Civic,25-04-2025,0.012,8.583,3.054,21.5,-35.285,149.132,2025,4,Autumn,FALSE,15.3,6.1,24.6,0,5.8,1018.6,TRUE,AUSTRALIAN NATIONAL UNIVERSITY,1.369,11,38,Good
Civic,26-04-2025,0.009,11.638,6.208,25.292,-35.285,149.132,2025,4,Autumn,TRUE,14.7,9.3,21.4,0.9,4.2,1015.8,TRUE,AUSTRALIAN NATIONAL UNIVERSITY,1.369,11,38,Good
Civic,27-04-2025,0.013,10.158,5.712,26.208,-35.285,149.132,2025,4,Autumn,TRUE,13.7,9.7,21.4,0,10.9,1014.4,TRUE,AUSTRALIAN NATIONAL UNIVERSITY,1.369,11,38,Good
Civic,28-04-2025,0.016,7.796,2.471,24.958,-35.285,149.132,2025,4,Autumn,FALSE,14.8,6.4,23.4,0,7.6,1016.3,TRUE,AUSTRALIAN NATIONAL UNIVERSITY,1.369,11,38,Good
Civic,29-04-2025,0.009,11.208,6.762,27.875,-35.285,149.132,2025,4,Autumn,FALSE,12.6,7.3,20.6,15,6.3,1018.4,TRUE,AUSTRALIAN NATIONAL UNIVERSITY,1.369,11,38,Good
Civic,30-04-2025,0.015,9.842,3.533,26,-35.285,149.132,2025,4,Autumn,FALSE,8.9,3.7,16.2,0.3,13.6,1023.8,TRUE,AUSTRALIAN NATIONAL UNIVERSITY,1.369,11,38,Good
Civic,01-05-2025,0.018,7.837,1.138,28.25,-35.285,149.132,2025,5,Autumn,FALSE,9.1,2,16.1,0,13.5,1029.9,TRUE,AUSTRALIAN NATIONAL UNIVERSITY,1.369,11,38,Good
Civic,02-05-2025,0.009,11.525,2.538,23.958,-35.285,149.132,2025,5,Autumn,FALSE,9.1,3.3,18.7,0,7.4,1033.7,TRUE,AUSTRALIAN NATIONAL UNIVERSITY,1.369,11,38,Good
Civic,03-05-2025,0.007,8.808,4.175,18.875,-35.285,149.132,2025,5,Autumn,TRUE,8.6,-0.2,20.3,0,5.6,1035.3,TRUE,AUSTRALIAN NATIONAL UNIVERSITY,1.369,11,38,Good
Civic,04-05-2025,0.007,10.971,6.312,26.167,-35.285,149.132,2025,5,Autumn,TRUE,9.2,-0.7,20.5,0,4.4,1033.5,TRUE,AUSTRALIAN NATIONAL UNIVERSITY,1.369,11,38,Good
Civic,05-05-2025,0.004,13.671,6.846,29.208,-35.285,149.132,2025,5,Autumn,FALSE,10.7,1.6,21.7,0,4.6,1028.9,TRUE,AUSTRALIAN NATIONAL UNIVERSITY,1.369,11,38,Good
Civic,06-05-2025,0.005,20.108,7.35,40.208,-35.285,149.132,2025,5,Autumn,FALSE,14.6,3,23.5,0,10.9,1023.2,TRUE,AUSTRALIAN NATIONAL UNIVERSITY,1.369,11,38,Fair
Civic,07-05-2025,0.012,25.279,6.154,50.458,-35.285,149.132,2025,5,Autumn,FALSE,14.8,6.1,23.6,0,17.6,1018.8,TRUE,AUSTRALIAN NATIONAL UNIVERSITY,1.369,11,38,Fair
Civic,08-05-2025,0.017,20.092,4.933,40.25,-35.285,149.132,2025,5,Autumn,FALSE,7.4,4,17.5,0,9.7,1025.7,TRUE,AUSTRALIAN NATIONAL UNIVERSITY,1.369,11,38,Fair
Civic,09-05-2025,0.007,15.442,5.375,30.875,-35.285,149.132,2025,5,Autumn,FALSE,8.7,-1.2,19.3,0,4.5,1032.2,TRUE,AUSTRALIAN NATIONAL UNIVERSITY,1.369,11,38,Good
Civic,10-05-2025,0.009,19.192,5.858,38.5,-35.285,149.132,2025,5,Autumn,TRUE,12.2,0.9,19.5,0,7,1032.2,TRUE,AUSTRALIAN NATIONAL UNIVERSITY,1.369,11,38,Fair
Civic,11-05-2025,0.013,9.583,6.508,26.75,-35.285,149.132,2025,5,Autumn,TRUE,13.7,3.9,20.8,1.8,6.3,1030.2,TRUE,AUSTRALIAN NATIONAL UNIVERSITY,1.369,11,38,Good
Civic,12-05-2025,0.01,12.583,8.629,34.5,-35.285,149.132,2025,5,Autumn,FALSE,14.8,10.7,21.7,0,7.7,1027.6,TRUE,AUSTRALIAN NATIONAL UNIVERSITY,1.369,11,38,Fair
Civic,13-05-2025,0.008,12.712,5.225,25.625,-35.285,149.132,2025,5,Autumn,FALSE,14.4,8.4,20.3,0.8,7.6,1026.3,TRUE,AUSTRALIAN NATIONAL UNIVERSITY,1.369,11,38,Good
Civic,14-05-2025,0.006,8.775,4.717,20.25,-35.285,149.132,2025,5,Autumn,FALSE,12.8,9.8,20.6,1.3,5,1022.6,TRUE,AUSTRALIAN NATIONAL UNIVERSITY,1.369,11,38,Good
Civic,15-05-2025,0.012,13.525,4.304,28,-35.285,149.132,2025,5,Autumn,FALSE,12.5,6.7,19.2,0,7.2,1023.2,TRUE,AUSTRALIAN NATIONAL UNIVERSITY,1.369,11,38,Good
Civic,16-05-2025,0.01,15.25,8.438,34,-35.285,149.132,2025,5,Autumn,FALSE,9.7,6.7,19.2,0,5.1,1019.4,TRUE,AUSTRALIAN NATIONAL UNIVERSITY,1.369,11,38,Fair
Civic,17-05-2025,0.007,17.8,7.017,35.542,-35.285,149.132,2025,5,Autumn,TRUE,10.5,1.5,17.7,0,7.4,1017.2,TRUE,AUSTRALIAN NATIONAL UNIVERSITY,1.369,11,38,Fair
Civic,18-05-2025,0.021,10.575,5.238,32.792,-35.285,149.132,2025,5,Autumn,TRUE,8.6,4.6,14.2,0,22.9,1024.5,TRUE,AUSTRALIAN NATIONAL UNIVERSITY,1.369,11,38,Good
Civic,19-05-2025,0.02,4.821,3.067,30.333,-35.285,149.132,2025,5,Autumn,FALSE,8.2,4.8,14.4,0,16,1031.2,TRUE,AUSTRALIAN NATIONAL UNIVERSITY,1.369,11,38,Good
Civic,20-05-2025,0.016,8.279,2.113,25.208,-35.285,149.132,2025,5,Autumn,FALSE,9.2,3,15.8,0,11.5,1031.6,TRUE,AUSTRALIAN NATIONAL UNIVERSITY,1.369,11,38,Good
Civic,21-05-2025,0.011,9.912,4.446,22.208,-35.285,149.132,2025,5,Autumn,FALSE,12.8,3.3,17.6,1,7.2,1028.3,TRUE,AUSTRALIAN NATIONAL UNIVERSITY,1.369,11,38,Good
Civic,22-05-2025,0.012,5.958,4.204,20.708,-35.285,149.132,2025,5,Autumn,FALSE,13.8,10.4,13.8,19.6,9.4,1021.7,TRUE,AUSTRALIAN NATIONAL UNIVERSITY,1.369,11,38,Good
Civic,23-05-2025,0.016,3.167,4.5,25.167,-35.285,149.132,2025,5,Autumn,FALSE,11.9,9.6,16.1,10.9,14.2,1015.1,TRUE,AUSTRALIAN NATIONAL UNIVERSITY,1.369,11,38,Good
Civic,24-05-2025,0.018,10.675,0.975,27.917,-35.285,149.132,2025,5,Autumn,TRUE,10.4,9.1,16.8,0,24.3,1014.1,TRUE,AUSTRALIAN NATIONAL UNIVERSITY,1.369,11,38,Good
Civic,25-05-2025,0.016,15.433,4.004,31.083,-35.285,149.132,2025,5,Autumn,TRUE,8.4,2.8,18.1,0,12.2,1018.3,TRUE,AUSTRALIAN NATIONAL UNIVERSITY,1.369,11,38,Good
Civic,26-05-2025,0.007,14.325,8.271,34.042,-35.285,149.132,2025,5,Autumn,FALSE,8.1,-0.2,14.3,11.9,11.6,1015.5,TRUE,AUSTRALIAN NATIONAL UNIVERSITY,1.369,11,38,Fair
Civic,27-05-2025,0.02,109.062,16.417,220.792,-35.285,149.132,2025,5,Autumn,FALSE,8.1,6.7,13.2,0,23.7,1009.6,TRUE,AUSTRALIAN NATIONAL UNIVERSITY,1.369,11,38,Hazardous
Civic,28-05-2025,0.016,64.5,7.992,129.625,-35.285,149.132,2025,5,Autumn,FALSE,6.3,1.7,15.1,0,12.9,1016.8,TRUE,AUSTRALIAN NATIONAL UNIVERSITY,1.369,11,38,Very Poor
Civic,29-05-2025,0.005,17.929,8.763,36.458,-35.285,149.132,2025,5,Autumn,FALSE,5.1,-0.6,16.6,0.3,4.1,1021.8,TRUE,AUSTRALIAN NATIONAL UNIVERSITY,1.369,11,38,Fair
Civic,30-05-2025,0.002,23.833,8.737,47.625,-35.285,149.132,2025,5,Autumn,FALSE,6.9,-3.9,18.9,0,3.6,1026,TRUE,AUSTRALIAN NATIONAL UNIVERSITY,1.369,11,38,Fair
Civic,31-05-2025,0.006,24.796,9.733,49.958,-35.285,149.132,2025,5,Autumn,TRUE,6.6,-0.4,16.3,0,5,1029,TRUE,AUSTRALIAN NATIONAL UNIVERSITY,1.369,11,38,Fair
Civic,01-06-2025,0.006,16.742,10.421,41.708,-35.285,149.132,2025,6,Winter,TRUE,4.1,0.4,15.4,0,4.4,1026.6,TRUE,AUSTRALIAN NATIONAL UNIVERSITY,1.369,11,38,Fair
Civic,02-06-2025,0.002,17.092,13.283,53.167,-35.285,149.132,2025,6,Winter,FALSE,4,-2.4,12.9,0.3,2.5,1019.6,TRUE,AUSTRALIAN NATIONAL UNIVERSITY,1.369,11,38,Fair
Civic,03-06-2025,0.004,23.075,17.458,69.792,-35.285,149.132,2025,6,Winter,FALSE,8.8,-2.3,16.4,0.5,9.6,1012.6,TRUE,AUSTRALIAN NATIONAL UNIVERSITY,1.369,11,38,Poor
Civic,04-06-2025,0.02,12.367,7.075,34.833,-35.285,149.132,2025,6,Winter,FALSE,3.9,2.8,11.7,0,22.5,1019.6,TRUE,AUSTRALIAN NATIONAL UNIVERSITY,1.369,11,38,Fair
Civic,05-06-2025,0.012,10.175,4.621,25.458,-35.285,149.132,2025,6,Winter,FALSE,3.4,-4.6,13.3,0,5.8,1024.9,TRUE,AUSTRALIAN NATIONAL UNIVERSITY,1.369,11,38,Good
Civic,06-06-2025,0.003,22.825,8.783,45.875,-35.285,149.132,2025,6,Winter,FALSE,3.4,-3.1,10.7,0,6.6,1020.3,TRUE,AUSTRALIAN NATIONAL UNIVERSITY,1.369,11,38,Fair
Civic,07-06-2025,0.014,14.029,7.646,34.458,-35.285,149.132,2025,6,Winter,TRUE,7,-0.4,11.3,4.3,25.3,1009.9,TRUE,AUSTRALIAN NATIONAL UNIVERSITY,1.369,11,38,Fair
Civic,08-06-2025,0.019,5.279,2.462,29.917,-35.285,149.132,2025,6,Winter,TRUE,4.2,4,6.6,1.8,28.3,1004.5,TRUE,AUSTRALIAN NATIONAL UNIVERSITY,1.369,11,38,Good
Civic,09-06-2025,0.017,2.233,0.671,26.875,-35.285,149.132,2025,6,Winter,FALSE,5.4,2.4,9.3,0,20,1003.5,TRUE,AUSTRALIAN NATIONAL UNIVERSITY,1.369,11,38,Good
Civic,10-06-2025,0.014,4.546,1.896,21.833,-35.285,149.132,2025,6,Winter,FALSE,4.6,0.1,13.3,0.3,13,1009.8,TRUE,AUSTRALIAN NATIONAL UNIVERSITY,1.369,11,38,Good
Civic,11-06-2025,0.009,8.471,5.083,20.75,-35.285,149.132,2025,6,Winter,FALSE,3.2,-2.6,13,0,6.5,1014.8,TRUE,AUSTRALIAN NATIONAL UNIVERSITY,1.369,11,38,Good
Civic,12-06-2025,0.003,14.25,7.971,32.5,-35.285,149.132,2025,6,Winter,FALSE,1.4,-4,11.8,0,4.5,1020.2,TRUE,AUSTRALIAN NATIONAL UNIVERSITY,1.369,11,38,Good
Civic,13-06-2025,0.006,15.975,9.346,38.042,-35.285,149.132,2025,6,Winter,FALSE,4,-5.5,12.6,0.3,6.7,1024.8,TRUE,AUSTRALIAN NATIONAL UNIVERSITY,1.369,11,38,Fair
Civic,14-06-2025,0.005,10.846,6.871,29.917,-35.285,149.132,2025,6,Winter,TRUE,4.7,-4.1,14.2,0,5.1,1024.2,TRUE,AUSTRALIAN NATIONAL UNIVERSITY,1.369,11,38,Good
Civic,15-06-2025,0.005,12.362,7.4,30.833,-35.285,149.132,2025,6,Winter,TRUE,4.1,-1,9.2,2.5,6.7,1023.3,TRUE,AUSTRALIAN NATIONAL UNIVERSITY,1.369,11,38,Good
Civic,16-06-2025,0.007,8.062,7.217,28.833,-35.285,149.132,2025,6,Winter,FALSE,5.7,-1.5,9.5,0,9.8,1024.1,TRUE,AUSTRALIAN NATIONAL UNIVERSITY,1.369,11,38,Good
Civic,17-06-2025,0.015,10.008,4.842,24.417,-35.285,149.132,2025,6,Winter,FALSE,5.3,4.1,12.8,0,21.8,1021.7,TRUE,AUSTRALIAN NATIONAL UNIVERSITY,1.369,11,38,Good
Civic,18-06-2025,0.01,12.758,5.146,27,-35.285,149.132,2025,6,Winter,FALSE,1.3,-4.1,11.9,0,6.3,1026.4,TRUE,AUSTRALIAN NATIONAL UNIVERSITY,1.369,11,38,Good
Civic,19-06-2025,0.004,19.25,7.671,38.542,-35.285,149.132,2025,6,Winter,FALSE,1.4,-5.3,11.5,0.3,5.1,1028,TRUE,AUSTRALIAN NATIONAL UNIVERSITY,1.369,11,38,Fair
Civic,20-06-2025,0.002,17.442,8.888,36.625,-35.285,149.132,2025,6,Winter,FALSE,0.8,-7.2,13.3,0,3.7,1030.2,TRUE,AUSTRALIAN NATIONAL UNIVERSITY,1.369,11,38,Fair
Civic,21-06-2025,0.004,24.062,13.354,53.417,-35.285,149.132,2025,6,Winter,TRUE,1.4,-7.6,14.5,0,3.9,1031.8,TRUE,AUSTRALIAN NATIONAL UNIVERSITY,1.369,11,38,Fair
Civic,22-06-2025,0.005,22.217,14.296,57.208,-35.285,149.132,2025,6,Winter,TRUE,3.4,-7.5,14.5,0,4.1,1029.6,TRUE,AUSTRALIAN NATIONAL UNIVERSITY,1.369,11,38,Fair
Civic,23-06-2025,0.001,24.542,16.904,67.5,-35.285,149.132,2025,6,Winter,FALSE,10.6,-4.1,15,13.2,5.4,1021.8,TRUE,AUSTRALIAN NATIONAL UNIVERSITY,1.369,11,38,Poor
Civic,24-06-2025,0.016,17.629,12.033,52.167,-35.285,149.132,2025,6,Winter,FALSE,8.9,7,14.6,3.8,31.4,1009.1,TRUE,AUSTRALIAN NATIONAL UNIVERSITY,1.369,11,38,Fair
Civic,25-06-2025,0.02,8.308,2.121,30.792,-35.285,149.132,2025,6,Winter,FALSE,2.2,0.7,9,3,26.8,1008.6,TRUE,AUSTRALIAN NATIONAL UNIVERSITY,1.369,11,38,Good
Civic,26-06-2025,0.011,7.962,3.575,21.042,-35.285,149.132,2025,6,Winter,FALSE,1.7,-5,10.6,0,8.5,1026.4,TRUE,AUSTRALIAN NATIONAL UNIVERSITY,1.369,11,38,Good
Civic,27-06-2025,0.004,14.483,6.562,29.667,-35.285,149.132,2025,6,Winter,FALSE,3.3,-5.4,13,0,3.8,1032.1,TRUE,AUSTRALIAN NATIONAL UNIVERSITY,1.369,11,38,Good
Civic,28-06-2025,0.005,20.104,8.054,41,-35.285,149.132,2025,6,Winter,TRUE,3.4,-4.1,14.1,0,5.3,1029.2,TRUE,AUSTRALIAN NATIONAL UNIVERSITY,1.369,11,38,Fair
Civic,29-06-2025,0.006,15.967,10.167,40.583,-35.285,149.132,2025,6,Winter,TRUE,2.3,-5.6,12.6,0.3,5.6,1026.5,TRUE,AUSTRALIAN NATIONAL UNIVERSITY,1.369,11,38,Fair
Civic,30-06-2025,0.005,12.896,9.338,37.375,-35.285,149.132,2025,6,Winter,FALSE,7.1,-6.4,11.7,0.3,6.5,1026.9,TRUE,AUSTRALIAN NATIONAL UNIVERSITY,1.369,11,38,Fair
Civic,01-07-2025,0.016,9.5,5.279,28.75,-35.285,149.132,2025,7,Winter,FALSE,8.8,2.7,9.2,2,22.8,1016.9,TRUE,AUSTRALIAN NATIONAL UNIVERSITY,1.369,11,38,Good
Civic,02-07-2025,0.026,2.325,2.467,40.458,-35.285,149.132,2025,7,Winter,FALSE,10.4,7.3,13.3,0,30,1008.7,TRUE,AUSTRALIAN NATIONAL UNIVERSITY,1.369,11,38,Fair
Civic,03-07-2025,0.019,5.454,1.983,28.625,-35.285,149.132,2025,7,Winter,FALSE,6.1,1.9,14.7,0,16.5,1014.2,TRUE,AUSTRALIAN NATIONAL UNIVERSITY,1.369,11,38,Good
Civic,04-07-2025,0.004,11.737,5.521,24.917,-35.285,149.132,2025,7,Winter,FALSE,2.1,-2.2,10.2,0.5,4.4,1021.8,TRUE,AUSTRALIAN NATIONAL UNIVERSITY,1.369,11,38,Good
Civic,05-07-2025,0.003,11.912,6.733,27,-35.285,149.132,2025,7,Winter,TRUE,6.7,-4.2,11,0,4.2,1024,TRUE,AUSTRALIAN NATIONAL UNIVERSITY,1.369,11,38,Good
Civic,06-07-2025,0.006,16.4,10.842,43.417,-35.285,149.132,2025,7,Winter,TRUE,8.3,2.4,15,11.4,8,1018.5,TRUE,AUSTRALIAN NATIONAL UNIVERSITY,1.369,11,38,Fair
Civic,07-07-2025,0.009,10.342,6.208,26.167,-35.285,149.132,2025,7,Winter,FALSE,7.4,3.5,12,0,9.5,1016.9,TRUE,AUSTRALIAN NATIONAL UNIVERSITY,1.369,11,38,Good
Civic,08-07-2025,0.014,13.083,8.737,35.167,-35.285,149.132,2025,7,Winter,FALSE,8.4,4.9,12.6,0,26.4,1011.9,TRUE,AUSTRALIAN NATIONAL UNIVERSITY,1.369,11,38,Fair
Civic,09-07-2025,0.022,15.288,5.021,34.167,-35.285,149.132,2025,7,Winter,FALSE,7.8,2.9,12.1,3.8,19.7,1008.5,TRUE,AUSTRALIAN NATIONAL UNIVERSITY,1.369,11,38,Fair
Civic,10-07-2025,0.019,17.25,5.413,35.75,-35.285,149.132,2025,7,Winter,FALSE,5.8,4.2,8.1,1,23.2,1005.6,TRUE,AUSTRALIAN NATIONAL UNIVERSITY,1.369,11,38,Fair
Civic,11-07-2025,0.02,5.442,4.596,30.417,-35.285,149.132,2025,7,Winter,FALSE,7.8,4.5,11.6,0,24.7,1018.5,TRUE,AUSTRALIAN NATIONAL UNIVERSITY,1.369,11,38,Good
Civic,12-07-2025,0.019,5.925,2.871,29.958,-35.285,149.132,2025,7,Winter,TRUE,4.9,0.1,14.2,0.3,15.4,1024.4,TRUE,AUSTRALIAN NATIONAL UNIVERSITY,1.369,11,38,Good
Civic,13-07-2025,0.012,14.008,6.354,30.458,-35.285,149.132,2025,7,Winter,TRUE,7.9,-2.8,12,0,15.8,1019.6,TRUE,AUSTRALIAN NATIONAL UNIVERSITY,1.369,11,38,Good
Civic,14-07-2025,0.02,9.754,3.308,30.333,-35.285,149.132,2025,7,Winter,FALSE,6.1,3.4,12,0,22.8,1013.1,TRUE,AUSTRALIAN NATIONAL UNIVERSITY,1.369,11,38,Good
Civic,15-07-2025,0.017,11.942,6.325,28.5,-35.285,149.132,2025,7,Winter,FALSE,3.2,2.6,12.3,0.3,16.4,1012.7,TRUE,AUSTRALIAN NATIONAL UNIVERSITY,1.369,11,38,Good
Civic,16-07-2025,0.011,14.696,5.525,29.333,-35.285,149.132,2025,7,Winter,FALSE,3.7,-5.4,12.8,0,10.2,1018.8,TRUE,AUSTRALIAN NATIONAL UNIVERSITY,1.369,11,38,Good
Civic,17-07-2025,0.006,11.517,6.621,26.917,-35.285,149.132,2025,7,Winter,FALSE,2.2,-4.4,12.6,0,4,1019.1,TRUE,AUSTRALIAN NATIONAL UNIVERSITY,1.369,11,38,Good
Civic,18-07-2025,0.005,16.233,8.392,34.542,-35.285,149.132,2025,7,Winter,FALSE,3.9,-3.5,14.1,0,4.3,1020.4,TRUE,AUSTRALIAN NATIONAL UNIVERSITY,1.369,11,38,Fair
Civic,19-07-2025,0.009,13.4,6.671,28.417,-35.285,149.132,2025,7,Winter,TRUE,3.5,-5.5,13.6,0.3,11.3,1020.2,TRUE,AUSTRALIAN NATIONAL UNIVERSITY,1.369,11,38,Good
Civic,20-07-2025,0.012,10.638,6.421,26.625,-35.285,149.132,2025,7,Winter,TRUE,6.6,-5.2,14.8,0,8.4,1024.2,TRUE,AUSTRALIAN NATIONAL UNIVERSITY,1.369,11,38,Good
Civic,21-07-2025,0.011,10.288,6.083,25.667,-35.285,149.132,2025,7,Winter,FALSE,9.3,0.9,16.1,0,10.3,1024,TRUE,AUSTRALIAN NATIONAL UNIVERSITY,1.369,11,38,Good
Civic,22-07-2025,0.011,12.621,6.579,27.542,-35.285,149.132,2025,7,Winter,FALSE,10.2,3.1,16.6,16.5,15.7,1015.8,TRUE,AUSTRALIAN NATIONAL UNIVERSITY,1.369,11,38,Good
Civic,23-07-2025,0.02,9.542,5.279,30.583,-35.285,149.132,2025,7,Winter,FALSE,4.6,3.2,12.7,0.3,19.4,1014.9,TRUE,AUSTRALIAN NATIONAL UNIVERSITY,1.369,11,38,Good
Civic,24-07-2025,0.015,10.946,3.637,25.333,-35.285,149.132,2025,7,Winter,FALSE,2.8,-2.8,12.8,0,10.2,1021.2,TRUE,AUSTRALIAN NATIONAL UNIVERSITY,1.369,11,38,Good
Civic,25-07-2025,0.005,12.138,6.692,28.417,-35.285,149.132,2025,7,Winter,FALSE,7.9,-5.3,12.6,14.5,5.4,1021.1,TRUE,AUSTRALIAN NATIONAL UNIVERSITY,1.369,11,38,Good
Civic,26-07-2025,0.015,8.125,5.554,26.583,-35.285,149.132,2025,7,Winter,TRUE,9.1,3.6,12.7,4.8,18.9,1008.4,TRUE,AUSTRALIAN NATIONAL UNIVERSITY,1.369,11,38,Good
Civic,27-07-2025,0.019,3.608,2.713,29.208,-35.285,149.132,2025,7,Winter,TRUE,8.2,7.4,12.2,0.8,27.3,1004,TRUE,AUSTRALIAN NATIONAL UNIVERSITY,1.369,11,38,Good
Civic,28-07-2025,0.019,3.546,2.705,29.542,-35.285,149.132,2025,7,Winter,FALSE,7.7,6.4,11.9,0,28.2,1007.9,TRUE,AUSTRALIAN NATIONAL UNIVERSITY,1.369,11,38,Good
Civic,29-07-2025,0.018,5.429,2.804,27.833,-35.285,149.132,2025,7,Winter,FALSE,6.6,3.7,13,0,17,1014.2,TRUE,AUSTRALIAN NATIONAL UNIVERSITY,1.369,11,38,Good
Civic,30-07-2025,0.015,11.867,5.104,27.625,-35.285,149.132,2025,7,Winter,FALSE,6.1,4.4,10.1,0,14.4,1016.9,TRUE,AUSTRALIAN NATIONAL UNIVERSITY,1.369,11,38,Good
Civic,31-07-2025,0.024,5.758,3.25,37.5,-35.285,149.132,2025,7,Winter,FALSE,5.2,0.4,13.3,0.3,14.9,1022.7,TRUE,AUSTRALIAN NATIONAL UNIVERSITY,1.369,11,38,Fair
Civic,01-08-2025,0.019,5.983,2.088,29.625,-35.285,149.132,2025,8,Winter,FALSE,7.7,-1.2,11.8,1,11.6,1024.9,TRUE,AUSTRALIAN NATIONAL UNIVERSITY,1.369,11,38,Good
Civic,02-08-2025,0.023,3.525,1.529,36,-35.285,149.132,2025,8,Winter,TRUE,9,4.7,11.7,0,18,1024.3,TRUE,AUSTRALIAN NATIONAL UNIVERSITY,1.369,11,38,Fair
Civic,03-08-2025,0.025,2.221,1.121,38.625,-35.285,149.132,2025,8,Winter,TRUE,8,4.6,16.5,0,16.3,1025.6,TRUE,AUSTRALIAN NATIONAL UNIVERSITY,1.369,11,38,Fair
Civic,04-08-2025,0.01,6.871,2.858,19.417,-35.285,149.132,2025,8,Winter,FALSE,9.3,0.9,16.5,0.3,6.2,1023.2,TRUE,AUSTRALIAN NATIONAL UNIVERSITY,1.369,11,38,Good
Civic,05-08-2025,0.009,13.513,3.738,27.542,-35.285,149.132,2025,8,Winter,FALSE,7.3,3.8,16,0,14.7,1018.4,TRUE,AUSTRALIAN NATIONAL UNIVERSITY,1.369,11,38,Good
Civic,06-08-2025,0.013,14.083,5.025,28.625,-35.285,149.132,2025,8,Winter,FALSE,5.5,-3.6,16.1,0,8.5,1022.3,TRUE,AUSTRALIAN NATIONAL UNIVERSITY,1.369,11,38,Good
Civic,07-08-2025,0.007,15.171,7.421,30.875,-35.285,149.132,2025,8,Winter,FALSE,6.3,-3.4,14.6,0,5.2,1029.1,TRUE,AUSTRALIAN NATIONAL UNIVERSITY,1.369,11,38,Good
Civic,08-08-2025,0.01,10.212,5.212,22.583,-35.285,149.132,2025,8,Winter,FALSE,6.7,1,14.2,0,10.7,1033.7,TRUE,AUSTRALIAN NATIONAL UNIVERSITY,1.369,11,38,Good
Civic,09-08-2025,0.015,6.833,4.608,24.667,-35.285,149.132,2025,8,Winter,TRUE,8,1,14.1,0,14.3,1033.8,TRUE,AUSTRALIAN NATIONAL UNIVERSITY,1.369,11,38,Good
Civic,10-08-2025,0.022,4.258,2.679,33.542,-35.285,149.132,2025,8,Winter,TRUE,6.2,2.3,14.9,0,11,1030.7,TRUE,AUSTRALIAN NATIONAL UNIVERSITY,1.369,11,38,Fair
Civic,11-08-2025,0.013,5.592,3.008,22.25,-35.285,149.132,2025,8,Winter,FALSE,4.8,-1,14.1,0.3,7.6,1028.7,TRUE,AUSTRALIAN NATIONAL UNIVERSITY,1.369,11,38,Good
Civic,12-08-2025,0.009,8.408,3.412,19.542,-35.285,149.132,2025,8,Winter,FALSE,6,-4.3,14.9,0,5.3,1026.9,TRUE,AUSTRALIAN NATIONAL UNIVERSITY,1.369,11,38,Good
Civic,13-08-2025,0.007,13.267,5.221,26.542,-35.285,149.132,2025,8,Winter,FALSE,8.7,-0.1,13.7,0,5.1,1026.3,TRUE,AUSTRALIAN NATIONAL UNIVERSITY,1.369,11,38,Good
Civic,14-08-2025,0.015,11.525,6.3,27.583,-35.285,149.132,2025,8,Winter,FALSE,6.4,2.6,16.1,0,11.4,1027.5,TRUE,AUSTRALIAN NATIONAL UNIVERSITY,1.369,11,38,Good
Civic,15-08-2025,0.009,11.475,4.396,23.25,-35.285,149.132,2025,8,Winter,FALSE,9.8,-2.9,15.3,0,11.1,1020.6,TRUE,AUSTRALIAN NATIONAL UNIVERSITY,1.369,11,38,Good
Civic,16-08-2025,0.02,12.296,4.488,31.583,-35.285,149.132,2025,8,Winter,TRUE,4.1,1.5,13.3,0,19.5,1014,TRUE,AUSTRALIAN NATIONAL UNIVERSITY,1.369,11,38,Good
Civic,17-08-2025,0.016,9.95,5.225,27.417,-35.285,149.132,2025,8,Winter,TRUE,3.1,-3.9,12.5,0,10.2,1019.1,TRUE,AUSTRALIAN NATIONAL UNIVERSITY,1.369,11,38,Good
Civic,18-08-2025,0.013,10.208,6.837,29.292,-35.285,149.132,2025,8,Winter,FALSE,5.2,-6.2,13.6,0,9.4,1027.5,TRUE,AUSTRALIAN NATIONAL UNIVERSITY,1.369,11,38,Good
Civic,19-08-2025,0.015,7.921,3.096,23.958,-35.285,149.132,2025,8,Winter,FALSE,7.8,-0.9,14.7,0.3,11,1032.4,TRUE,AUSTRALIAN NATIONAL UNIVERSITY,1.369,11,38,Good
Civic,20-08-2025,0.017,5.958,2.533,27.458,-35.285,149.132,2025,8,Winter,FALSE,10.1,1.3,14.9,2,13.1,1032.1,TRUE,AUSTRALIAN NATIONAL UNIVERSITY,1.369,11,38,Good
Civic,21-08-2025,0.02,3.675,2.821,31.458,-35.285,149.132,2025,8,Winter,FALSE,10.7,8.1,14.9,0.5,16.7,1028.9,TRUE,AUSTRALIAN NATIONAL UNIVERSITY,1.369,11,38,Good
Civic,22-08-2025,0.016,2.992,2.329,25.375,-35.285,149.132,2025,8,Winter,FALSE,10.4,6.6,19.4,0,8.1,1023.6,TRUE,AUSTRALIAN NATIONAL UNIVERSITY,1.369,11,38,Good
Civic,23-08-2025,0.01,12.904,5.012,28.083,-35.285,149.132,2025,8,Winter,TRUE,11.2,3.5,19.7,0.3,8.4,1021,TRUE,AUSTRALIAN NATIONAL UNIVERSITY,1.369,11,38,Good
Civic,24-08-2025,0.023,6.488,3.942,35.042,-35.285,149.132,2025,8,Winter,TRUE,10.1,3.8,16.2,0,18.4,1022.7,TRUE,AUSTRALIAN NATIONAL UNIVERSITY,1.369,11,38,Fair
Civic,25-08-2025,0.017,5.388,2.162,27.667,-35.285,149.132,2025,8,Winter,FALSE,11.8,4,21,0,8.7,1019.5,TRUE,AUSTRALIAN NATIONAL UNIVERSITY,1.369,11,38,Good
Civic,26-08-2025,0.008,14.458,5.321,28.875,-35.285,149.132,2025,8,Winter,FALSE,12.1,5,19,0,13.8,1012.9,TRUE,AUSTRALIAN NATIONAL UNIVERSITY,1.369,11,38,Good
Civic,27-08-2025,0.02,12.758,3.646,31.833,-35.285,149.132,2025,8,Winter,FALSE,10.9,7,14,14.8,27.7,1002.2,TRUE,AUSTRALIAN NATIONAL UNIVERSITY,1.369,11,38,Good
Civic,28-08-2025,0.022,6.117,3.033,33.042,-35.285,149.132,2025,8,Winter,FALSE,7.8,6,10,0.7,27.7,1005.6,TRUE,AUSTRALIAN NATIONAL UNIVERSITY,1.369,11,38,Fair
Civic,29-08-2025,0.021,6.346,2.512,32.542,-35.285,149.132,2025,8,Winter,FALSE,8.4,5,13,7.2,28.2,1004.9,TRUE,AUSTRALIAN NATIONAL UNIVERSITY,1.369,11,38,Good
Civic,30-08-2025,0.021,6.054,2.208,32.208,-35.285,149.132,2025,8,Winter,TRUE,6.8,1,14,3.1,20.7,1011.3,TRUE,AUSTRALIAN NATIONAL UNIVERSITY,1.369,11,38,Good
Civic,31-08-2025,0.011,9.579,5.904,24.792,-35.285,149.132,2025,8,Winter,TRUE,5,-3,14,0,11.5,1023.9,TRUE,AUSTRALIAN NATIONAL UNIVERSITY,1.369,11,38,Good
Civic,01-09-2025,0.01,8.2,5.479,22.917,-35.285,149.132,2025,9,Spring,FALSE,5.9,-3,15,0,8.2,1023.2,TRUE,AUSTRALIAN NATIONAL UNIVERSITY,1.369,11,38,Good
Civic,02-09-2025,0.012,11.625,4.121,24,-35.285,149.132,2025,9,Spring,FALSE,8.1,2,15,0.1,13,1022.2,TRUE,AUSTRALIAN NATIONAL UNIVERSITY,1.369,11,38,Good
Civic,03-09-2025,0.017,13.721,5.758,28.208,-35.285,149.132,2025,9,Spring,FALSE,9.8,2,15,0.1,19.9,1019.3,TRUE,AUSTRALIAN NATIONAL UNIVERSITY,1.369,11,38,Good
Civic,04-09-2025,0.02,19.283,5.271,38.583,-35.285,149.132,2025,9,Spring,FALSE,11.9,7,17,0,24,1017.5,TRUE,AUSTRALIAN NATIONAL UNIVERSITY,1.369,11,38,Fair
Civic,05-09-2025,0.017,16.658,4.717,37.333,-35.285,149.132,2025,9,Spring,FALSE,7.7,-1,16,0,12.1,1026.2,TRUE,AUSTRALIAN NATIONAL UNIVERSITY,1.369,11,38,Fair
Civic,06-09-2025,0.018,11.458,5.704,29.167,-35.285,149.132,2025,9,Spring,TRUE,9.1,-1,19,0,10.2,1028.5,TRUE,AUSTRALIAN NATIONAL UNIVERSITY,1.369,11,38,Good
Civic,07-09-2025,0.013,23.992,12.013,49.167,-35.285,149.132,2025,9,Spring,TRUE,12.2,3,20,1.6,14.7,1023.5,TRUE,AUSTRALIAN NATIONAL UNIVERSITY,1.369,11,38,Fair
Civic,08-09-2025,0.022,13.242,6.521,34,-35.285,149.132,2025,9,Spring,FALSE,15.6,11,22,0,24.8,1016.6,TRUE,AUSTRALIAN NATIONAL UNIVERSITY,1.369,11,38,Fair
Civic,09-09-2025,0.022,13.338,2.633,33.375,-35.285,149.132,2025,9,Spring,FALSE,14.3,5,21,0,20.2,1014.1,TRUE,AUSTRALIAN NATIONAL UNIVERSITY,1.369,11,38,Fair
Civic,10-09-2025,0.014,14.067,5,29.542,-35.285,149.132,2025,9,Spring,FALSE,7.9,5,11,21.8,11.6,1008,TRUE,AUSTRALIAN NATIONAL UNIVERSITY,1.369,11,38,Good
Civic,11-09-2025,0.021,3,3.187,28.125,-35.285,149.132,2025,9,Spring,FALSE,8.5,4,14,4.3,16.5,1012.5,TRUE,AUSTRALIAN NATIONAL UNIVERSITY,1.369,11,38,Good
Civic,12-09-2025,0.016,0.8,,10.167,-35.285,149.132,2025,9,Spring,FALSE,7.1,-1,15,0,11.9,1021.8,TRUE,AUSTRALIAN NATIONAL UNIVERSITY,1.369,11,38,Good
Civic,13-09-2025,0.011,9.217,6.517,25.833,-35.285,149.132,2025,9,Spring,TRUE,8.5,-1,17,0,6.8,1025.5,TRUE,AUSTRALIAN NATIONAL UNIVERSITY,1.369,11,38,Good
Civic,14-09-2025,0.011,11.721,6.554,27.917,-35.285,149.132,2025,9,Spring,TRUE,9.1,0,17,0,14.5,1023.3,TRUE,AUSTRALIAN NATIONAL UNIVERSITY,1.369,11,38,Good
Civic,15-09-2025,0.016,9.183,4.646,25.333,-35.285,149.132,2025,9,Spring,FALSE,12.6,6,20,0,17.6,1019.3,TRUE,AUSTRALIAN NATIONAL UNIVERSITY,1.369,11,38,Good
Civic,16-09-2025,0.017,15.429,6.571,31.917,-35.285,149.132,2025,9,Spring,FALSE,15.1,5,21,9.7,24,1013.4,TRUE,AUSTRALIAN NATIONAL UNIVERSITY,1.369,11,38,Good
Civic,17-09-2025,0.021,12.354,5.871,34.333,-35.285,149.132,2025,9,Spring,FALSE,11.4,5,16,0.1,22.2,1017,TRUE,AUSTRALIAN NATIONAL UNIVERSITY,1.369,11,38,Fair
Civic,18-09-2025,0.015,11.229,3.342,26.417,-35.285,149.132,2025,9,Spring,FALSE,8.1,0,16,0,11.4,1022.9,TRUE,AUSTRALIAN NATIONAL UNIVERSITY,1.369,11,38,Good
Civic,19-09-2025,0.014,13.833,5.346,27.708,-35.285,149.132,2025,9,Spring,FALSE,9.7,0,19,2.9,12.6,1017,TRUE,AUSTRALIAN NATIONAL UNIVERSITY,1.369,11,38,Good
Civic,20-09-2025,0.02,10.871,7.15,33.375,-35.285,149.132,2025,9,Spring,TRUE,10.7,7,13,3.7,24.8,1009.8,TRUE,AUSTRALIAN NATIONAL UNIVERSITY,1.369,11,38,Fair
Civic,21-09-2025,0.022,10.767,3.912,32.958,-35.285,149.132,2025,9,Spring,TRUE,10.2,5,15,0.1,20.8,1016,TRUE,AUSTRALIAN NATIONAL UNIVERSITY,1.369,11,38,Good
Civic,22-09-2025,0.018,9.962,4.25,28.417,-35.285,149.132,2025,9,Spring,FALSE,9.4,1,16,1.7,16.7,1018.8,TRUE,AUSTRALIAN NATIONAL UNIVERSITY,1.369,11,38,Good
Civic,23-09-2025,0.01,10.733,4.646,23.667,-35.285,149.132,2025,9,Spring,FALSE,6.8,-2,15,0,12.9,1024.3,TRUE,AUSTRALIAN NATIONAL UNIVERSITY,1.369,11,38,Good
Civic,24-09-2025,0.016,11.308,4.958,25.042,-35.285,149.132,2025,9,Spring,FALSE,9.6,1,19,0,18.6,1019,TRUE,AUSTRALIAN NATIONAL UNIVERSITY,1.369,11,38,Good
Civic,25-09-2025,0.021,16.167,6.475,33.375,-35.285,149.132,2025,9,Spring,FALSE,11.6,7,18,0,23.6,1015.9,TRUE,AUSTRALIAN NATIONAL UNIVERSITY,1.369,11,38,Fair
Civic,26-09-2025,0.021,23.246,7.696,46.458,-35.285,149.132,2025,9,Spring,FALSE,15.6,8,22,0,26.8,1012.1,TRUE,AUSTRALIAN NATIONAL UNIVERSITY,1.369,11,38,Fair
Civic,27-09-2025,0.018,28.229,6.196,56.458,-35.285,149.132,2025,9,Spring,TRUE,15.9,9,24,0,19.8,1012.5,TRUE,AUSTRALIAN NATIONAL UNIVERSITY,1.369,11,38,Fair
Civic,28-09-2025,0.012,23.779,7.754,47.5,-35.285,149.132,2025,9,Spring,TRUE,13.1,5,21,0,14.5,1014.2,TRUE,AUSTRALIAN NATIONAL UNIVERSITY,1.369,11,38,Fair
Civic,29-09-2025,0.016,11.846,5.396,26.167,-35.285,149.132,2025,9,Spring,FALSE,12.9,7,20,0,8.8,1017.9,TRUE,AUSTRALIAN NATIONAL UNIVERSITY,1.369,11,38,Good
Civic,30-09-2025,0.009,16.529,4.962,33.042,-35.285,149.132,2025,9,Spring,FALSE,14.6,3,24,0,14.2,1009.5,TRUE,AUSTRALIAN NATIONAL UNIVERSITY,1.369,11,38,Fair
Civic,01-10-2025,0.019,21.708,4.592,43.417,-35.285,149.132,2025,10,Spring,FALSE,13.1,9,17,0,26.6,1008.3,TRUE,AUSTRALIAN NATIONAL UNIVERSITY,1.369,11,38,Fair
Civic,02-10-2025,0.019,20.333,3.133,40.708,-35.285,149.132,2025,10,Spring,FALSE,10,8,14,1,25.8,1010.1,TRUE,AUSTRALIAN NATIONAL UNIVERSITY,1.369,11,38,Fair
Civic,03-10-2025,0.017,16.671,4.85,33.333,-35.285,149.132,2025,10,Spring,FALSE,11.3,7,16,0,25.3,1017.8,TRUE,AUSTRALIAN NATIONAL UNIVERSITY,1.369,11,38,Fair
Civic,04-10-2025,0.013,15.496,4.658,32.25,-35.285,149.132,2025,10,Spring,TRUE,12.5,2,23,0,10.8,1023.2,TRUE,AUSTRALIAN NATIONAL UNIVERSITY,1.369,11,38,Good
Civic,05-10-2025,0.012,14.633,6.158,29.333,-35.285,149.132,2025,10,Spring,TRUE,14.8,3,24,0,12.4,1018.8,TRUE,AUSTRALIAN NATIONAL UNIVERSITY,1.369,11,38,Good
Civic,06-10-2025,0.023,17.079,4.762,37.25,-35.285,149.132,2025,10,Spring,FALSE,16.4,8,23,0.9,25.9,1013.1,TRUE,AUSTRALIAN NATIONAL UNIVERSITY,1.369,11,38,Fair
Civic,07-10-2025,0.016,13.992,2.533,29.375,-35.285,149.132,2025,10,Spring,FALSE,9.5,2,17,0,15.2,1016.2,TRUE,AUSTRALIAN NATIONAL UNIVERSITY,1.369,11,38,Good
Civic,08-10-2025,0.017,20.1,7.575,40.25,-35.285,149.132,2025,10,Spring,FALSE,13.8,2,24,0,9.7,1011.5,TRUE,AUSTRALIAN NATIONAL UNIVERSITY,1.369,11,38,Fair
Civic,09-10-2025,0.022,16.321,8.154,36.833,-35.285,149.132,2025,10,Spring,FALSE,16,11,19,12,20.4,1011.2,TRUE,AUSTRALIAN NATIONAL UNIVERSITY,1.369,11,38,Fair
Civic,10-10-2025,0.019,13.212,2.104,29.667,-35.285,149.132,2025,10,Spring,FALSE,15.2,5,22,0,11.5,1013.3,TRUE,AUSTRALIAN NATIONAL UNIVERSITY,1.369,11,38,Good
Civic,11-10-2025,0.024,19.671,3,39.625,-35.285,149.132,2025,10,Spring,TRUE,16.7,11,22,,15.8,1012.5,TRUE,AUSTRALIAN NATIONAL UNIVERSITY,1.369,11,38,Fair
Civic,12-10-2025,0.02,19.075,4.6,38.375,-35.285,149.132,2025,10,Spring,TRUE,12.1,3,21,0,21.4,1012.2,TRUE,AUSTRALIAN NATIONAL UNIVERSITY,1.369,11,38,Fair
Civic,13-10-2025,0.02,12.075,4.367,31.917,-35.285,149.132,2025,10,Spring,FALSE,12.9,7,19,0,20,1016.1,TRUE,AUSTRALIAN NATIONAL UNIVERSITY,1.369,11,38,Good
Civic,14-10-2025,0.016,12.479,3.917,28.875,-35.285,149.132,2025,10,Spring,FALSE,11.8,-1,21,0,15,1018.5,TRUE,AUSTRALIAN NATIONAL UNIVERSITY,1.369,11,38,Good
Civic,15-10-2025,0.017,16.638,5.742,34.375,-35.285,149.132,2025,10,Spring,FALSE,13.6,3,24,0,10,1021.2,TRUE,AUSTRALIAN NATIONAL UNIVERSITY,1.369,11,38,Fair
Civic,16-10-2025,0.017,23.225,5.721,46.542,-35.285,149.132,2025,10,Spring,FALSE,16.1,5,27,0,13,1018.4,TRUE,AUSTRALIAN NATIONAL UNIVERSITY,1.369,11,38,Fair
Civic,17-10-2025,0.02,32.275,8.092,64.5,-35.285,149.132,2025,10,Spring,FALSE,18.5,8,28,0,17.7,1012.6,TRUE,AUSTRALIAN NATIONAL UNIVERSITY,1.369,11,38,Fair
Civic,18-10-2025,0.021,45.067,4.762,62.292,-35.285,149.132,2025,10,Spring,TRUE,16,10,25,0,12.7,1015.3,TRUE,AUSTRALIAN NATIONAL UNIVERSITY,1.369,11,38,Fair
Civic,19-10-2025,0.021,125.871,4.638,95.292,-35.285,149.132,2025,10,Spring,TRUE,16.9,7,26,0,15,1015.4,TRUE,AUSTRALIAN NATIONAL UNIVERSITY,1.369,11,38,Poor
Civic,20-10-2025,0.023,89.015,5.858,156.958,-35.285,149.132,2025,10,Spring,FALSE,21.3,8,31,0,17.8,1011.4,TRUE,AUSTRALIAN NATIONAL UNIVERSITY,1.369,11,38,Hazardous
Civic,21-10-2025,0.025,,4.079,38.25,-35.285,149.132,2025,10,Spring,FALSE,19.6,12,26,0,10.5,1012,TRUE,AUSTRALIAN NATIONAL UNIVERSITY,1.369,11,38,Fair
Civic,22-10-2025,0.018,,12.642,50.583,-35.285,149.132,2025,10,Spring,FALSE,17.2,14,25,11.1,21.2,1004.5,TRUE,AUSTRALIAN NATIONAL UNIVERSITY,1.369,11,38,Fair
Civic,23-10-2025,0.022,16.472,5.871,39.958,-35.285,149.132,2025,10,Spring,FALSE,14.3,7,21,0,13.9,1012.7,TRUE,AUSTRALIAN NATIONAL UNIVERSITY,1.369,11,38,Fair
Civic,24-10-2025,0.02,11.442,5.092,31.125,-35.285,149.132,2025,10,Spring,FALSE,13.5,7,21,0,12.4,1014.2,TRUE,AUSTRALIAN NATIONAL UNIVERSITY,1.369,11,38,Good
Civic,25-10-2025,0.02,13.896,4.888,34.458,-35.285,149.132,2025,10,Spring,TRUE,14,6,21,0,12.3,1014.8,TRUE,AUSTRALIAN NATIONAL UNIVERSITY,1.369,11,38,Fair
Civic,26-10-2025,0.021,9.658,4.233,32.292,-35.285,149.132,2025,10,Spring,TRUE,13.2,8,16,4.8,15.2,1005.8,TRUE,AUSTRALIAN NATIONAL UNIVERSITY,1.369,11,38,Good
Civic,27-10-2025,0.021,7.067,4.183,31.958,-35.285,149.132,2025,10,Spring,FALSE,12.9,6,18,2.4,18.8,1006.3,TRUE,AUSTRALIAN NATIONAL UNIVERSITY,1.369,11,38,Good
Civic,28-10-2025,0.018,5.992,1.754,27.208,-35.285,149.132,2025,10,Spring,FALSE,7.5,0,12,0,16,1019.7,TRUE,AUSTRALIAN NATIONAL UNIVERSITY,1.369,11,38,Good
Civic,29-10-2025,0.017,7.942,2.467,26.583,-35.285,149.132,2025,10,Spring,FALSE,11.6,8,15,0.9,9.5,1018,TRUE,AUSTRALIAN NATIONAL UNIVERSITY,1.369,11,38,Good
Civic,30-10-2025,0.02,4.142,3.092,31.333,-35.285,149.132,2025,10,Spring,FALSE,15.5,11,22,0.1,11.2,1017,TRUE,AUSTRALIAN NATIONAL UNIVERSITY,1.369,11,38,Good
Civic,31-10-2025,0.022,9.938,3.933,33.792,-35.285,149.132,2025,10,Spring,FALSE,16.6,11,23,4.9,8.9,1017.9,TRUE,AUSTRALIAN NATIONAL UNIVERSITY,1.369,11,38,Fair
Civic,01-11-2025,0.026,7.771,5.1,39.542,-35.285,149.132,2025,11,Spring,TRUE,17.8,11,26,4.7,10.9,1015.6,TRUE,AUSTRALIAN NATIONAL UNIVERSITY,1.369,11,38,Fair
Civic,02-11-2025,0.027,8.675,3.917,41.625,-35.285,149.132,2025,11,Spring,TRUE,18.7,9,28,0,9.3,1012.8,TRUE,AUSTRALIAN NATIONAL UNIVERSITY,1.369,11,38,Fair
Civic,03-11-2025,0.023,13.246,6.913,37.833,-35.285,149.132,2025,11,Spring,FALSE,18.2,11,26,4.6,15.8,1005.4,TRUE,AUSTRALIAN NATIONAL UNIVERSITY,1.369,11,38,Fair
Civic,04-11-2025,0.02,13.1,1.554,32,-35.285,149.132,2025,11,Spring,FALSE,9.4,7,12,6.2,23.5,1007,TRUE,AUSTRALIAN NATIONAL UNIVERSITY,1.369,11,38,Good
Civic,05-11-2025,0.018,4.496,1.306,27.958,-35.285,149.132,2025,11,Spring,FALSE,12.1,8,17,0.2,24.2,1013,TRUE,AUSTRALIAN NATIONAL UNIVERSITY,1.369,11,38,Good
Civic,06-11-2025,0.014,12.033,,28.208,-35.285,149.132,2025,11,Spring,FALSE,13.4,3,22,0,11.7,1016.7,TRUE,AUSTRALIAN NATIONAL UNIVERSITY,1.369,11,38,Good
Civic,07-11-2025,0.015,14.046,,32.083,-35.285,149.132,2025,11,Spring,FALSE,17.9,10,27,0,10.7,1011.2,TRUE,AUSTRALIAN NATIONAL UNIVERSITY,1.369,11,38,Good
Civic,08-11-2025,0.02,18.942,8.833,41.208,-35.285,149.132,2025,11,Spring,TRUE,19.3,12,28,9.6,17.8,1005,TRUE,AUSTRALIAN NATIONAL UNIVERSITY,1.369,11,38,Fair
Civic,09-11-2025,0.018,10.033,3.583,27.833,-35.285,149.132,2025,11,Spring,TRUE,13.1,7,19,0.8,13.1,1011,TRUE,AUSTRALIAN NATIONAL UNIVERSITY,1.369,11,38,Good
Civic,10-11-2025,0.016,8.737,3.721,25.5,-35.285,149.132,2025,11,Spring,FALSE,13.5,3,23,0,14.6,1013.9,TRUE,AUSTRALIAN NATIONAL UNIVERSITY,1.369,11,38,Good
Civic,11-11-2025,0.018,8.589,2.792,27.833,-35.285,149.132,2025,11,Spring,FALSE,11.2,3,18,1.1,20,1012.8,TRUE,AUSTRALIAN NATIONAL UNIVERSITY,1.369,11,38,Good
Civic,12-11-2025,0.015,,2.3,23.708,-35.285,149.132,2025,11,Spring,FALSE,10.1,-1,20,0,15.6,1016.8,TRUE,AUSTRALIAN NATIONAL UNIVERSITY,1.369,11,38,Good
Civic,13-11-2025,0.018,,4.921,27.833,-35.285,149.132,2025,11,Spring,FALSE,15.5,3,25,0,19,1011.7,TRUE,AUSTRALIAN NATIONAL UNIVERSITY,1.369,11,38,Good
Civic,14-11-2025,0.018,,5.488,28.917,-35.285,149.132,2025,11,Spring,FALSE,17.8,11,26,0.1,14.8,1008.9,TRUE,AUSTRALIAN NATIONAL UNIVERSITY,1.369,11,38,Good
Civic,15-11-2025,0.025,15.385,6.292,38.458,-35.285,149.132,2025,11,Spring,TRUE,20.2,13,29,9.2,15.2,1007,TRUE,AUSTRALIAN NATIONAL UNIVERSITY,1.369,11,38,Fair
Civic,16-11-2025,0.028,12.121,4.538,43.208,-35.285,149.132,2025,11,Spring,TRUE,18.3,11,25,0.3,26.5,1004,TRUE,AUSTRALIAN NATIONAL UNIVERSITY,1.369,11,38,Fair
Civic,17-11-2025,0.019,8.467,2.887,29.625,-35.285,149.132,2025,11,Spring,FALSE,13.2,9,18,0.3,25.8,1004.2,TRUE,AUSTRALIAN NATIONAL UNIVERSITY,1.369,11,38,Good
Civic,18-11-2025,0.016,10.812,3.979,25.25,-35.285,149.132,2025,11,Spring,FALSE,16.8,9,24,0,22.5,1009,TRUE,AUSTRALIAN NATIONAL UNIVERSITY,1.369,11,38,Good
Civic,19-11-2025,0.013,11.171,4.621,24.667,-35.285,149.132,2025,11,Spring,FALSE,18.6,7,27,0,11.8,1010.4,TRUE,AUSTRALIAN NATIONAL UNIVERSITY,1.369,11,38,Good
Civic,20-11-2025,0.012,15.833,4.55,31.708,-35.285,149.132,2025,11,Spring,FALSE,18.8,10,29,0.3,15.1,1011.8,TRUE,AUSTRALIAN NATIONAL UNIVERSITY,1.369,11,38,Good
Civic,21-11-2025,0.016,8.725,2.106,23.833,-35.285,149.132,2025,11,Spring,FALSE,13.3,11,15,0,16.4,1020.2,TRUE,AUSTRALIAN NATIONAL UNIVERSITY,1.369,11,38,Good
Civic,22-11-2025,0.016,6.446,3.754,25.042,-35.285,149.132,2025,11,Spring,TRUE,15.2,13,17,0.1,12.3,1018.2,TRUE,AUSTRALIAN NATIONAL UNIVERSITY,1.369,11,38,Good
Civic,23-11-2025,0.019,5.012,4.25,33.042,-35.285,149.132,2025,11,Spring,TRUE,19.6,14,26,15.1,12.8,1009.3,TRUE,AUSTRALIAN NATIONAL UNIVERSITY,1.369,11,38,Fair
Civic,24-11-2025,0.019,5.004,1.518,29.042,-35.285,149.132,2025,11,Spring,FALSE,18.4,11,27,0.2,10.9,1007.6,TRUE,AUSTRALIAN NATIONAL UNIVERSITY,1.369,11,38,Good
Civic,25-11-2025,0.022,8.237,3.246,35.083,-35.285,149.132,2025,11,Spring,FALSE,22,14,31,0,19.9,1002.2,TRUE,AUSTRALIAN NATIONAL UNIVERSITY,1.369,11,38,Fair
Civic,26-11-2025,0.025,17.721,4.362,40.042,-35.285,149.132,2025,11,Spring,FALSE,19.8,12,26,0,23.5,999.4,TRUE,AUSTRALIAN NATIONAL UNIVERSITY,1.369,11,38,Fair
Civic,27-11-2025,0.021,25.537,5.038,51.292,-35.285,149.132,2025,11,Spring,FALSE,18.4,11,24,0,23.8,1003.8,TRUE,AUSTRALIAN NATIONAL UNIVERSITY,1.369,11,38,Fair
Civic,28-11-2025,0.018,15.2,4.658,31.792,-35.285,149.132,2025,11,Spring,FALSE,18,5,27,0,16,1007.3,TRUE,AUSTRALIAN NATIONAL UNIVERSITY,1.369,11,38,Good
Civic,29-11-2025,0.011,15.138,4.754,33.417,-35.285,149.132,2025,11,Spring,TRUE,17.2,12,22,1.8,16.7,1002.3,TRUE,AUSTRALIAN NATIONAL UNIVERSITY,1.369,11,38,Fair
Civic,30-11-2025,,8.438,2.8,25.5,-35.285,149.132,2025,11,Spring,TRUE,12.9,7,18,0.7,19.5,1006.7,TRUE,AUSTRALIAN NATIONAL UNIVERSITY,1.369,11,38,Good
Civic,01-12-2025,0.017,8.067,2.271,25.458,-35.285,149.132,2025,12,Summer,FALSE,12.2,8,18,2.1,24.2,1005.8,TRUE,AUSTRALIAN NATIONAL UNIVERSITY,1.369,11,38,Good
Civic,02-12-2025,0.014,8.554,3.542,21.833,-35.285,149.132,2025,12,Summer,FALSE,12.5,1,21,0,14,1011.9,TRUE,AUSTRALIAN NATIONAL UNIVERSITY,1.369,11,38,Good
Civic,03-12-2025,0.015,9.944,4.054,25.958,-35.285,149.132,2025,12,Summer,FALSE,16.5,4,27,0,12.3,1017.9,TRUE,AUSTRALIAN NATIONAL UNIVERSITY,1.369,11,38,Good
Civic,04-12-2025,0.021,,5.888,34.167,-35.285,149.132,2025,12,Summer,FALSE,20.4,7,31,,14.2,1017.2,TRUE,AUSTRALIAN NATIONAL UNIVERSITY,1.369,11,38,Fair
Civic,05-12-2025,0.022,19.026,5.733,39.333,-35.285,149.132,2025,12,Summer,FALSE,25,13,35,,16.4,1013.1,TRUE,AUSTRALIAN NATIONAL UNIVERSITY,1.369,11,38,Fair
Civic,06-12-2025,0.026,19.596,5.5,42.792,-35.285,149.132,2025,12,Summer,TRUE,26.9,17,34,,24,1007.2,TRUE,AUSTRALIAN NATIONAL UNIVERSITY,1.369,11,38,Fair
Civic,07-12-2025,0.022,19.475,4.042,39.833,-35.285,149.132,2025,12,Summer,TRUE,19.1,11,26,,21.4,1010,TRUE,AUSTRALIAN NATIONAL UNIVERSITY,1.369,11,38,Fair
Civic,08-12-2025,0.02,14.483,4.754,31.333,-35.285,149.132,2025,12,Summer,FALSE,19,10,27,,14.7,1013.5,TRUE,AUSTRALIAN NATIONAL UNIVERSITY,1.369,11,38,Good
Civic,09-12-2025,0.016,17.642,6.808,35.542,-35.285,149.132,2025,12,Summer,FALSE,20.6,8,33,,13.2,1014.9,TRUE,AUSTRALIAN NATIONAL UNIVERSITY,1.369,11,38,Fair
Civic,10-12-2025,0.019,18.004,7.967,36.333,-35.285,149.132,2025,12,Summer,FALSE,20,13,33,,14.8,1019.8,TRUE,AUSTRALIAN NATIONAL UNIVERSITY,1.369,11,38,Fair
Civic,11-12-2025,0.013,15.746,5.783,31.5,-35.285,149.132,2025,12,Summer,FALSE,17,11,24,,17.3,1020.9,TRUE,AUSTRALIAN NATIONAL UNIVERSITY,1.369,11,38,Good
Civic,12-12-2025,0.016,10.425,5.092,25.042,-35.285,149.132,2025,12,Summer,FALSE,17.3,14,23,,12.5,1018.1,TRUE,AUSTRALIAN NATIONAL UNIVERSITY,1.369,11,38,Good
Civic,13-12-2025,0.019,7.221,4.271,29.75,-35.285,149.132,2025,12,Summer,TRUE,16.1,9,23,,10.4,1012,TRUE,AUSTRALIAN NATIONAL UNIVERSITY,1.369,11,38,Good
Civic,14-12-2025,0.023,6.875,5.738,36.917,-35.285,149.132,2025,12,Summer,TRUE,19.7,13,27,,21.8,1007.2,TRUE,AUSTRALIAN NATIONAL UNIVERSITY,1.369,11,38,Fair
Civic,15-12-2025,0.018,14.175,4.883,32.125,-35.285,149.132,2025,12,Summer,FALSE,16.8,8,26,,13.6,1013.2,TRUE,AUSTRALIAN NATIONAL UNIVERSITY,1.369,11,38,Good
Civic,16-12-2025,0.019,15.496,7.462,33.208,-35.285,149.132,2025,12,Summer,FALSE,17.9,13,25,,15.8,1021.2,TRUE,AUSTRALIAN NATIONAL UNIVERSITY,1.369,11,38,Fair
Civic,17-12-2025,0.022,13.487,6.712,34.667,-35.285,149.132,2025,12,Summer,FALSE,22.8,13,33,,12.6,1021.6,TRUE,AUSTRALIAN NATIONAL UNIVERSITY,1.369,11,38,Fair
Civic,18-12-2025,0.028,21.492,9.596,47.375,-35.285,149.132,2025,12,Summer,FALSE,26.5,15,37,,12.7,1016.1,TRUE,AUSTRALIAN NATIONAL UNIVERSITY,1.369,11,38,Fair
Civic,19-12-2025,0.025,21.742,7.663,47.25,-35.285,149.132,2025,12,Summer,FALSE,25,14,38,,11.5,1012.5,TRUE,AUSTRALIAN NATIONAL UNIVERSITY,1.369,11,38,Fair
Civic,20-12-2025,0.026,16.729,10.046,48.917,-35.285,149.132,2025,12,Summer,TRUE,23.2,17,33,,13,1009.8,TRUE,AUSTRALIAN NATIONAL UNIVERSITY,1.369,11,38,Fair
Civic,21-12-2025,0.02,9.938,7.012,33.042,-35.285,149.132,2025,12,Summer,TRUE,20.3,16,28,,9,1006,TRUE,AUSTRALIAN NATIONAL UNIVERSITY,1.369,11,38,Fair
Civic,22-12-2025,0.022,5.079,4.671,33.167,-35.285,149.132,2025,12,Summer,FALSE,20.9,14,27,,11.6,1006.3,TRUE,AUSTRALIAN NATIONAL UNIVERSITY,1.369,11,38,Fair
Civic,23-12-2025,0.023,6.792,2.875,35.958,-35.285,149.132,2025,12,Summer,FALSE,19.8,12,27,,16.8,1010.1,TRUE,AUSTRALIAN NATIONAL UNIVERSITY,1.369,11,38,Fair
Civic,24-12-2025,0.02,11.654,5.679,33.125,-35.285,149.132,2025,12,Summer,FALSE,19.3,9,28,,17.5,1011,TRUE,AUSTRALIAN NATIONAL UNIVERSITY,1.369,11,38,Fair
Civic,25-12-2025,0.02,11.862,4.358,31.75,-35.285,149.132,2025,12,Summer,FALSE,16.9,9,27,,14.8,1010.5,TRUE,AUSTRALIAN NATIONAL UNIVERSITY,1.369,11,38,Good
Civic,26-12-2025,0.015,12.312,3.796,26.292,-35.285,149.132,2025,12,Summer,FALSE,14.1,8,21,,16.8,1014.5,TRUE,AUSTRALIAN NATIONAL UNIVERSITY,1.369,11,38,Good
Civic,27-12-2025,0.016,10.225,4.5,24.167,-35.285,149.132,2025,12,Summer,TRUE,15.2,7,26,,12.8,1016.5,TRUE,AUSTRALIAN NATIONAL UNIVERSITY,1.369,11,38,Good
Civic,28-12-2025,0.015,11.496,5.125,24.583,-35.285,149.132,2025,12,Summer,TRUE,16.1,8,25,,17.1,1020,TRUE,AUSTRALIAN NATIONAL UNIVERSITY,1.369,11,38,Good
Civic,29-12-2025,0.015,11.183,4.567,24.042,-35.285,149.132,2025,12,Summer,FALSE,17.8,7,29,,10.5,1019.3,TRUE,AUSTRALIAN NATIONAL UNIVERSITY,1.369,11,38,Good
Civic,30-12-2025,0.017,13.167,4.408,29.708,-35.285,149.132,2025,12,Summer,FALSE,20.2,9,33,,12.3,1012.9,TRUE,AUSTRALIAN NATIONAL UNIVERSITY,1.369,11,38,Good
Civic,31-12-2025,0.018,12.938,7.413,32.917,-35.285,149.132,2025,12,Summer,FALSE,19.4,14,27,,15.6,1010.5,TRUE,AUSTRALIAN NATIONAL UNIVERSITY,1.369,11,38,Good
Civic,01-01-2026,0.014,7.871,3.075,18.625,-35.285,149.132,2026,1,Summer,FALSE,15.5,12,19,0,16.1,1015.6,TRUE,AUSTRALIAN NATIONAL UNIVERSITY,1.369,11,38,Good
Civic,02-01-2026,0.012,9.796,3.658,19.125,-35.285,149.132,2026,1,Summer,FALSE,15.8,6,26,0,12.3,1017.5,TRUE,AUSTRALIAN NATIONAL UNIVERSITY,1.369,11,38,Good
Civic,03-01-2026,0.02,8.629,4.425,26.958,-35.285,149.132,2026,1,Summer,TRUE,21.2,14,31,2.7,12.5,1013.9,TRUE,AUSTRALIAN NATIONAL UNIVERSITY,1.369,11,38,Good
Civic,04-01-2026,0.022,10.562,7.446,32.167,-35.285,149.132,2026,1,Summer,TRUE,19.6,13,30,3.7,11.6,1012,TRUE,AUSTRALIAN NATIONAL UNIVERSITY,1.369,11,38,Good
Civic,05-01-2026,0.018,9.225,5.133,27.125,-35.285,149.132,2026,1,Summer,FALSE,19.4,10,32,4.4,11.5,1013,TRUE,AUSTRALIAN NATIONAL UNIVERSITY,1.369,11,38,Good
Civic,06-01-2026,0.022,9.642,5.254,29.208,-35.285,149.132,2026,1,Summer,FALSE,22,12,32,0,11.1,1016.5,TRUE,AUSTRALIAN NATIONAL UNIVERSITY,1.369,11,38,Good
Civic,07-01-2026,0.029,14.171,6.633,38.125,-35.285,149.132,2026,1,Summer,FALSE,26.6,16,37,0,10.2,1018.4,TRUE,AUSTRALIAN NATIONAL UNIVERSITY,1.369,11,38,Fair
Civic,08-01-2026,0.026,17.504,7.962,41.083,-35.285,149.132,2026,1,Summer,FALSE,28.2,17,38,0,12.1,1016.5,TRUE,AUSTRALIAN NATIONAL UNIVERSITY,1.369,11,38,Fair
Civic,09-01-2026,0.028,22.258,9.129,46.875,-35.285,149.132,2026,1,Summer,FALSE,29.3,18,38,0,18.9,1011.9,TRUE,AUSTRALIAN NATIONAL UNIVERSITY,1.369,11,38,Fair
Civic,10-01-2026,0.03,21.221,3.604,41.917,-35.285,149.132,2026,1,Summer,TRUE,29.3,23,36,0,30,1007,TRUE,AUSTRALIAN NATIONAL UNIVERSITY,1.369,11,38,Fair
Civic,11-01-2026,0.02,32.95,13.842,66.375,-35.285,149.132,2026,1,Summer,TRUE,18.2,14,23,0.3,19.1,1015.2,TRUE,AUSTRALIAN NATIONAL UNIVERSITY,1.369,11,38,Poor
Civic,12-01-2026,0.018,22.625,11.817,47.333,-35.285,149.132,2026,1,Summer,FALSE,18,12,25,0,16.6,1018.1,TRUE,AUSTRALIAN NATIONAL UNIVERSITY,1.369,11,38,Fair
Civic,13-01-2026,0.023,14.029,8.254,35.458,-35.285,149.132,2026,1,Summer,FALSE,22.6,17,32,0,9.1,1012,TRUE,AUSTRALIAN NATIONAL UNIVERSITY,1.369,11,38,Fair
Civic,14-01-2026,0.027,23.812,14.421,57.125,-35.285,149.132,2026,1,Summer,FALSE,21.8,16,31,3.3,12.9,1010.6,TRUE,AUSTRALIAN NATIONAL UNIVERSITY,1.369,11,38,Fair
Civic,15-01-2026,0.021,15.813,9.887,43.87,-35.285,149.132,2026,1,Summer,FALSE,20.8,17,27,1.6,15,1007.5,TRUE,AUSTRALIAN NATIONAL UNIVERSITY,1.369,11,38,Fair
Civic,16-01-2026,0.017,5.6,0.771,20.429,-35.285,149.132,2026,1,Summer,FALSE,18.5,12,25,1.4,25.5,1008,TRUE,AUSTRALIAN NATIONAL UNIVERSITY,1.369,11,38,Good
Civic,17-01-2026,0.017,2.775,0.204,20.083,-35.285,149.132,2026,1,Summer,TRUE,16.6,15,19,0.4,25.2,1014.7,TRUE,AUSTRALIAN NATIONAL UNIVERSITY,1.369,11,38,Good
Civic,18-01-2026,0.015,5.817,1.708,18.458,-35.285,149.132,2026,1,Summer,TRUE,16.4,13,21,1.9,22.8,1017,TRUE,AUSTRALIAN NATIONAL UNIVERSITY,1.369,11,38,Good
Civic,19-01-2026,0.014,8.846,3.633,17.75,-35.285,149.132,2026,1,Summer,FALSE,17,11,22,0,18.1,1016,TRUE,AUSTRALIAN NATIONAL UNIVERSITY,1.369,11,38,Good
Civic,20-01-2026,0.014,7.688,3.046,17.708,-35.285,149.132,2026,1,Summer,FALSE,18.8,13,25,0,13.5,1011.7,TRUE,AUSTRALIAN NATIONAL UNIVERSITY,1.369,11,38,Good
Civic,21-01-2026,0.018,11.233,3.512,25.5,-35.285,149.132,2026,1,Summer,FALSE,21,15,31,0,12.5,1006.8,TRUE,AUSTRALIAN NATIONAL UNIVERSITY,1.369,11,38,Good
Civic,22-01-2026,0.017,14.504,6.038,28.958,-35.285,149.132,2026,1,Summer,FALSE,18.6,13,27,0,14.4,1009.4,TRUE,AUSTRALIAN NATIONAL UNIVERSITY,1.369,11,38,Good
Civic,23-01-2026,0.017,13.875,4.938,27.833,-35.285,149.132,2026,1,Summer,FALSE,17.4,7,27,0,13.8,1017,TRUE,AUSTRALIAN NATIONAL UNIVERSITY,1.369,11,38,Good
Civic,24-01-2026,0.023,17.008,6.746,35.875,-35.285,149.132,2026,1,Summer,TRUE,22,12,35,0,14.8,1013.4,TRUE,AUSTRALIAN NATIONAL UNIVERSITY,1.369,11,38,Fair
Civic,25-01-2026,0.028,20.642,8.138,42.458,-35.285,149.132,2026,1,Summer,TRUE,25.8,13,37,0,11.5,1010,TRUE,AUSTRALIAN NATIONAL UNIVERSITY,1.369,11,38,Fair
Civic,26-01-2026,0.026,27.037,12.958,55.292,-35.285,149.132,2026,1,Summer,FALSE,21.8,15,30,0,13.8,1013.1,TRUE,AUSTRALIAN NATIONAL UNIVERSITY,1.369,11,38,Fair
Civic,27-01-2026,0.023,19.683,8.438,43.583,-35.285,149.132,2026,1,Summer,FALSE,22.9,11,35,0,9.8,1013.6,TRUE,AUSTRALIAN NATIONAL UNIVERSITY,1.369,11,38,Fair
Civic,28-01-2026,0.03,22.792,9.4,48.167,-35.285,149.132,2026,1,Summer,FALSE,27.3,15,42,0,11.2,1013.2,TRUE,AUSTRALIAN NATIONAL UNIVERSITY,1.369,11,38,Fair
Civic,29-01-2026,0.027,25.057,11.652,50.391,-35.285,149.132,2026,1,Summer,FALSE,24.1,18,33,0,13.5,1018.8,TRUE,AUSTRALIAN NATIONAL UNIVERSITY,1.369,11,38,Fair
Civic,30-01-2026,0.026,15.104,7.242,41.333,-35.285,149.132,2026,1,Summer,FALSE,27.8,19,40,0,16.7,1015.8,TRUE,AUSTRALIAN NATIONAL UNIVERSITY,1.369,11,38,Fair
Civic,31-01-2026,0.027,20.708,7.362,42.5,-35.285,149.132,2026,1,Summer,TRUE,29.6,18,41,0,13.7,1009.4,TRUE,AUSTRALIAN NATIONAL UNIVERSITY,1.369,11,38,Fair
Civic,01-02-2026,0.031,20.646,9.225,44.167,-35.285,149.132,2026,2,Summer,TRUE,24.5,17,30,2.5,15.5,1008,TRUE,AUSTRALIAN NATIONAL UNIVERSITY,1.369,11,38,Fair
Civic,02-02-2026,0.017,6.95,0.854,19.875,-35.285,149.132,2026,2,Summer,FALSE,15.6,9,23,1.3,23.1,1020.9,TRUE,AUSTRALIAN NATIONAL UNIVERSITY,1.369,11,38,Good
Civic,03-02-2026,0.014,10.808,3.312,21.333,-35.285,149.132,2026,2,Summer,FALSE,15.8,6,24,0,10.8,1024.5,TRUE,AUSTRALIAN NATIONAL UNIVERSITY,1.369,11,38,Good
Civic,04-02-2026,0.02,14.95,6.846,31.125,-35.285,149.132,2026,2,Summer,FALSE,21.7,10,32,0,11.2,1019.2,TRUE,AUSTRALIAN NATIONAL UNIVERSITY,1.369,11,38,Good
Civic,05-02-2026,0.026,19.7,6.879,39.125,-35.285,149.132,2026,2,Summer,FALSE,24.1,14,36,0,11.3,1018,TRUE,AUSTRALIAN NATIONAL UNIVERSITY,1.369,11,38,Fair
Civic,06-02-2026,0.025,23.642,7.446,46.75,-35.285,149.132,2026,2,Summer,FALSE,23.3,11,36,0,14.2,1019,TRUE,AUSTRALIAN NATIONAL UNIVERSITY,1.369,11,38,Fair
Civic,07-02-2026,0.021,19.833,8.017,39.583,-35.285,149.132,2026,2,Summer,TRUE,23.8,14,35,0,14,1018.5,TRUE,AUSTRALIAN NATIONAL UNIVERSITY,1.369,11,38,Fair
Civic,08-02-2026,0.022,13.479,7.5,32.917,-35.285,149.132,2026,2,Summer,TRUE,18.3,17,20,6,7.5,1017.8,TRUE,AUSTRALIAN NATIONAL UNIVERSITY,1.369,11,38,Good
Civic,09-02-2026,0.021,9.9,7.679,34.75,-35.285,149.132,2026,2,Summer,FALSE,22,18,29,1.5,9.7,1014.2,TRUE,AUSTRALIAN NATIONAL UNIVERSITY,1.369,11,38,Fair
Civic,10-02-2026,0.022,11.033,4.858,32.125,-35.285,149.132,2026,2,Summer,FALSE,22.3,15,31,0.1,10.8,1015,TRUE,AUSTRALIAN NATIONAL UNIVERSITY,1.369,11,38,Good
Civic,11-02-2026,0.027,10.967,4.283,36.5,-35.285,149.132,2026,2,Summer,FALSE,24.1,15.5,32.8,0,12.6,1008.8,TRUE,AUSTRALIAN NATIONAL UNIVERSITY,1.369,11,38,Fair
Civic,12-02-2026,0.026,12.888,6.542,31.5,-35.285,149.132,2026,2,Summer,FALSE,19.7,14,22.6,,13.9,1004.5,TRUE,AUSTRALIAN NATIONAL UNIVERSITY,1.369,11,38,Good
Civic,13-02-2026,0.016,11.383,1.4,22.833,-35.285,149.132,2026,2,Summer,FALSE,16.7,12,23,,9.3,1017.1,TRUE,AUSTRALIAN NATIONAL UNIVERSITY,1.369,11,38,Good
Civic,14-02-2026,0.017,11.429,6.192,25.542,-35.285,149.132,2026,2,Summer,TRUE,16.9,12,22,,8.4,1021.5,TRUE,AUSTRALIAN NATIONAL UNIVERSITY,1.369,11,38,Good
Civic,15-02-2026,0.014,8.883,4.267,22.208,-35.285,149.132,2026,2,Summer,TRUE,17.8,10,25,,8,1020.3,TRUE,AUSTRALIAN NATIONAL UNIVERSITY,1.369,11,38,Good
Civic,16-02-2026,0.014,7.058,0.371,17.458,-35.285,149.132,2026,2,Summer,FALSE,18.8,13,25,,11.4,1017.8,TRUE,AUSTRALIAN NATIONAL UNIVERSITY,1.369,11,38,Good
Civic,17-02-2026,0.019,8.162,3.271,25.125,-35.285,149.132,2026,2,Summer,FALSE,20.6,11,29,,11.4,1012,TRUE,AUSTRALIAN NATIONAL UNIVERSITY,1.369,11,38,Good
Civic,18-02-2026,0.025,15.371,2.45,33.375,-35.285,149.132,2026,2,Summer,FALSE,24.5,18,30,,21,1008.6,TRUE,AUSTRALIAN NATIONAL UNIVERSITY,1.369,11,38,Fair
Civic,19-02-2026,0.021,17.188,5.783,36.917,-35.285,149.132,2026,2,Summer,FALSE,20.5,12,32,,12.3,1015.2,TRUE,AUSTRALIAN NATIONAL UNIVERSITY,1.369,11,38,Fair
Civic,20-02-2026,0.024,16.396,8.067,37.583,-35.285,149.132,2026,2,Summer,FALSE,23.5,18,33,,11.7,1016,TRUE,AUSTRALIAN NATIONAL UNIVERSITY,1.369,11,38,Fair
Civic,21-02-2026,0.028,16.738,9.425,40.708,-35.285,149.132,2026,2,Summer,TRUE,23.5,16,33,,11,1012.9,TRUE,AUSTRALIAN NATIONAL UNIVERSITY,1.369,11,38,Fair
Civic,22-02-2026,0.027,17.446,8.967,38.875,-35.285,149.132,2026,2,Summer,TRUE,20.8,17,27,,12.8,1011.4,TRUE,AUSTRALIAN NATIONAL UNIVERSITY,1.369,11,38,Fair
Civic,23-02-2026,0.016,9.487,7.517,31.542,-35.285,149.132,2026,2,Summer,FALSE,21.9,18,31,,8.7,1013.2,TRUE,AUSTRALIAN NATIONAL UNIVERSITY,1.369,11,38,Good
Civic,24-02-2026,0.024,8.017,4.321,30.833,-35.285,149.132,2026,2,Summer,FALSE,24.7,18,32,,6.3,1016.7,TRUE,AUSTRALIAN NATIONAL UNIVERSITY,1.369,11,38,Good
Civic,25-02-2026,0.024,15.096,8.992,41.417,-35.285,149.132,2026,2,Summer,FALSE,21.8,18,30,,6,1016.4,TRUE,AUSTRALIAN NATIONAL UNIVERSITY,1.369,11,38,Fair
Civic,26-02-2026,0.018,6.25,4.212,29.042,-35.285,149.132,2026,2,Summer,FALSE,19.2,17,23,,8.6,1020.4,TRUE,AUSTRALIAN NATIONAL UNIVERSITY,1.369,11,38,Good
Civic,27-02-2026,0.015,3.555,0,18.542,-35.285,149.132,2026,2,Summer,FALSE,19,16,23,,9,1020.3,TRUE,AUSTRALIAN NATIONAL UNIVERSITY,1.369,11,38,Good
Civic,28-02-2026,0.016,5.721,0,19.792,-35.285,149.132,2026,2,Summer,TRUE,19.4,16,24.4,,12.4,1018.9,TRUE,AUSTRALIAN NATIONAL UNIVERSITY,1.369,11,38,Good
Civic,01-03-2026,0.016,7.676,2.79,21.375,-35.285,149.132,2026,3,Autumn,TRUE,19.2,15.6,23.3,,11.5,1015.8,TRUE,AUSTRALIAN NATIONAL UNIVERSITY,1.369,11,38,Good
Civic,02-03-2026,0.007,8.221,7.292,28.625,-35.285,149.132,2026,3,Autumn,FALSE,20.2,16.7,24,,8.6,1012.2,TRUE,AUSTRALIAN NATIONAL UNIVERSITY,1.369,11,38,Good
Civic,03-03-2026,0.012,6.495,4.878,19.75,-35.285,149.132,2026,3,Autumn,FALSE,21.2,18.2,24.8,,10,1011.8,TRUE,AUSTRALIAN NATIONAL UNIVERSITY,1.369,11,38,Good
Civic,04-03-2026,0.016,6.055,4.157,22.174,-35.285,149.132,2026,3,Autumn,FALSE,22.2,17.9,27.9,,10.9,1012,TRUE,AUSTRALIAN NATIONAL UNIVERSITY,1.369,11,38,Good
Civic,05-03-2026,0.017,8.254,1.417,23.083,-35.285,149.132,2026,3,Autumn,FALSE,22.5,17.3,29.2,,12,1011.9,TRUE,AUSTRALIAN NATIONAL UNIVERSITY,1.369,11,38,Good
Civic,06-03-2026,0.016,11.108,5.972,26.55,-35.285,149.132,2026,3,Autumn,FALSE,21.3,16.1,27.6,,11,1013.3,TRUE,AUSTRALIAN NATIONAL UNIVERSITY,1.369,11,38,Good
Florey,01-01-2025,0.03,10.829,5.879,45.5,-35.221,149.044,2025,1,Summer,FALSE,22.4,17.5,32.3,0,14.8,1012,TRUE,Belconnen Landfill Operations Contract,3.91,2,16,Fair
Florey,02-01-2025,0.023,11.3,7.033,34.833,-35.221,149.044,2025,1,Summer,FALSE,16.9,14.7,22.9,0,16.8,1017.5,TRUE,Belconnen Landfill Operations Contract,3.91,2,16,Fair
Florey,03-01-2025,0.025,13.25,6.833,38.917,-35.221,149.044,2025,1,Summer,FALSE,20.9,13.7,31,0,12.7,1018.4,TRUE,Belconnen Landfill Operations Contract,3.91,2,16,Fair
Florey,04-01-2025,0.029,11.771,8.513,46.917,-35.221,149.044,2025,1,Summer,TRUE,24.9,12.3,33.5,0,12.7,1015.8,TRUE,Belconnen Landfill Operations Contract,3.91,2,16,Fair
Florey,05-01-2025,0.033,12.392,6.958,51.542,-35.221,149.044,2025,1,Summer,TRUE,24.4,14.9,36.4,0,14.1,1015.4,TRUE,Belconnen Landfill Operations Contract,3.91,2,16,Fair
Florey,06-01-2025,0.03,8.079,5.971,46.417,-35.221,149.044,2025,1,Summer,FALSE,22.7,13.1,34.4,5.1,10.7,1014.8,TRUE,Belconnen Landfill Operations Contract,3.91,2,16,Fair
Florey,07-01-2025,0.019,6.8,5.4,29.667,-35.221,149.044,2025,1,Summer,FALSE,15.4,14.1,21.3,0,18.1,1018.7,TRUE,Belconnen Landfill Operations Contract,3.91,2,16,Good
Florey,08-01-2025,0.02,6.612,2.492,30.583,-35.221,149.044,2025,1,Summer,FALSE,17.1,6.6,23.1,0,18.9,1019.2,TRUE,Belconnen Landfill Operations Contract,3.91,2,16,Good
Florey,09-01-2025,0.02,8.8,4.612,30.542,-35.221,149.044,2025,1,Summer,FALSE,20.4,11.3,28.2,0,14.6,1015.8,TRUE,Belconnen Landfill Operations Contract,3.91,2,16,Good
Florey,10-01-2025,0.019,3.246,2.192,29.25,-35.221,149.044,2025,1,Summer,FALSE,19.1,14.1,24.5,12.2,12.1,1015.3,TRUE,Belconnen Landfill Operations Contract,3.91,2,16,Good
Florey,11-01-2025,0.019,2.721,2.783,29.125,-35.221,149.044,2025,1,Summer,TRUE,20.5,15.9,27.4,4.3,13.6,1012.6,TRUE,Belconnen Landfill Operations Contract,3.91,2,16,Good
Florey,12-01-2025,0.021,5.117,4.996,36.875,-35.221,149.044,2025,1,Summer,TRUE,20.8,16.6,30.3,17.3,11.3,1008.9,TRUE,Belconnen Landfill Operations Contract,3.91,2,16,Fair
Florey,13-01-2025,0.03,6.005,5.136,46.917,-35.221,149.044,2025,1,Summer,FALSE,23.4,13.2,32.9,6.1,11.3,1006.4,TRUE,Belconnen Landfill Operations Contract,3.91,2,16,Fair
Florey,14-01-2025,0.034,,6.5,46.708,-35.221,149.044,2025,1,Summer,FALSE,24.1,17.2,32.6,0.3,12.9,1006.4,TRUE,Belconnen Landfill Operations Contract,3.91,2,16,Fair
Florey,15-01-2025,0.04,10.905,8.875,60.958,-35.221,149.044,2025,1,Summer,FALSE,21.5,17.2,35.9,17.8,12.6,1000.2,TRUE,Belconnen Landfill Operations Contract,3.91,2,16,Fair
Florey,16-01-2025,0.023,6.562,6.35,34.792,-35.221,149.044,2025,1,Summer,FALSE,16.8,14.8,24.8,0,23.4,1003.3,TRUE,Belconnen Landfill Operations Contract,3.91,2,16,Fair
Florey,17-01-2025,0.02,8.533,5.525,30.417,-35.221,149.044,2025,1,Summer,FALSE,18.4,9.7,25.5,0,27.7,1012.8,TRUE,Belconnen Landfill Operations Contract,3.91,2,16,Good
Florey,18-01-2025,0.019,9.1,5.012,28.792,-35.221,149.044,2025,1,Summer,TRUE,18.1,13.2,23.3,0,27.4,1019,TRUE,Belconnen Landfill Operations Contract,3.91,2,16,Good
Florey,19-01-2025,0.019,,3.158,29.542,-35.221,149.044,2025,1,Summer,TRUE,16.8,13.6,25.1,0,16.9,1017.3,TRUE,Belconnen Landfill Operations Contract,3.91,2,16,Good
Florey,20-01-2025,0.019,,6.971,31,-35.221,149.044,2025,1,Summer,FALSE,20.3,8.3,29.8,0,8,1011.1,TRUE,Belconnen Landfill Operations Contract,3.91,2,16,Good
Florey,21-01-2025,0.023,13.624,8.246,43.333,-35.221,149.044,2025,1,Summer,FALSE,22.9,12.7,32.1,0,9.3,1008.2,TRUE,Belconnen Landfill Operations Contract,3.91,2,16,Fair
Florey,22-01-2025,0.024,13.688,9.838,43.917,-35.221,149.044,2025,1,Summer,FALSE,20.9,14.5,32.7,0,12.1,1005.7,TRUE,Belconnen Landfill Operations Contract,3.91,2,16,Fair
Florey,23-01-2025,0.02,11.638,7.171,33.333,-35.221,149.044,2025,1,Summer,FALSE,17.2,12.4,20.5,7.6,14,1009.1,TRUE,Belconnen Landfill Operations Contract,3.91,2,16,Fair
Florey,24-01-2025,0.02,7.733,5.054,31.083,-35.221,149.044,2025,1,Summer,FALSE,18.3,13.3,25.2,0,11.7,1006.3,TRUE,Belconnen Landfill Operations Contract,3.91,2,16,Good
Florey,25-01-2025,0.021,7.758,6.292,34.417,-35.221,149.044,2025,1,Summer,TRUE,20.7,10.7,29.1,0,9.4,1011.5,TRUE,Belconnen Landfill Operations Contract,3.91,2,16,Fair
Florey,26-01-2025,0.02,9.408,8.029,37.5,-35.221,149.044,2025,1,Summer,TRUE,21.1,12.8,26.7,0,15.1,1012.8,TRUE,Belconnen Landfill Operations Contract,3.91,2,16,Fair
Florey,27-01-2025,0.03,9.079,7.204,45.5,-35.221,149.044,2025,1,Summer,FALSE,26.3,17.8,36.3,0,14,1010.3,TRUE,Belconnen Landfill Operations Contract,3.91,2,16,Fair
Florey,28-01-2025,0.032,14.812,11.013,56.708,-35.221,149.044,2025,1,Summer,FALSE,23.4,16.4,37.5,0,19.5,1010.1,TRUE,Belconnen Landfill Operations Contract,3.91,2,16,Fair
Florey,29-01-2025,0.022,17.958,10.358,45.5,-35.221,149.044,2025,1,Summer,FALSE,19.3,14.8,27.8,0,16.1,1013.9,TRUE,Belconnen Landfill Operations Contract,3.91,2,16,Fair
Florey,30-01-2025,0.022,10.358,6.388,33.375,-35.221,149.044,2025,1,Summer,FALSE,19.8,10.9,27,0,12.8,1011.8,TRUE,Belconnen Landfill Operations Contract,3.91,2,16,Fair
Florey,31-01-2025,0.02,6.779,4.304,30.417,-35.221,149.044,2025,1,Summer,FALSE,19.5,14.8,26.7,0,13.1,1016.2,TRUE,Belconnen Landfill Operations Contract,3.91,2,16,Good
Florey,01-02-2025,0.021,6.062,4.321,32.083,-35.221,149.044,2025,2,Summer,TRUE,22.2,12.3,30.1,0,14.9,1019.4,TRUE,Belconnen Landfill Operations Contract,3.91,2,16,Good
Florey,02-02-2025,0.027,8.158,4.829,41.167,-35.221,149.044,2025,2,Summer,TRUE,21.9,17.6,33.1,0,13.9,1018,TRUE,Belconnen Landfill Operations Contract,3.91,2,16,Fair
Florey,03-02-2025,0.025,9.071,6.371,41.167,-35.221,149.044,2025,2,Summer,FALSE,23.7,10.6,34.1,0,12,1015.6,TRUE,Belconnen Landfill Operations Contract,3.91,2,16,Fair
Florey,04-02-2025,0.027,10.475,6.225,41.333,-35.221,149.044,2025,2,Summer,FALSE,27.1,13.4,35.7,0,10,1011.6,TRUE,Belconnen Landfill Operations Contract,3.91,2,16,Fair
Florey,05-02-2025,0.025,13.025,8.513,42.417,-35.221,149.044,2025,2,Summer,FALSE,21.1,17.9,34.4,4.6,11.2,1010.9,TRUE,Belconnen Landfill Operations Contract,3.91,2,16,Fair
Florey,06-02-2025,0.028,12.075,7.996,48.792,-35.221,149.044,2025,2,Summer,FALSE,23.5,15.5,33.4,0,10.7,1012.8,TRUE,Belconnen Landfill Operations Contract,3.91,2,16,Fair
Florey,07-02-2025,0.033,12.746,10.312,57.667,-35.221,149.044,2025,2,Summer,FALSE,24.7,14,35.4,5.8,13.4,1009.7,TRUE,Belconnen Landfill Operations Contract,3.91,2,16,Fair
Florey,08-02-2025,0.033,9.621,7.996,52.083,-35.221,149.044,2025,2,Summer,TRUE,21.5,17,31.3,0,12.3,1008.4,TRUE,Belconnen Landfill Operations Contract,3.91,2,16,Fair
Florey,09-02-2025,0.028,5.038,5.692,43.125,-35.221,149.044,2025,2,Summer,TRUE,19.8,14.2,29.1,16.8,9.7,1010,TRUE,Belconnen Landfill Operations Contract,3.91,2,16,Fair
Florey,10-02-2025,0.029,4.85,3.575,44.375,-35.221,149.044,2025,2,Summer,FALSE,18.2,15.6,26,1.5,14.9,1011.2,TRUE,Belconnen Landfill Operations Contract,3.91,2,16,Fair
Florey,11-02-2025,0.024,3.562,3.033,37.167,-35.221,149.044,2025,2,Summer,FALSE,19.3,11.8,25.6,0.8,8.7,1011.1,TRUE,Belconnen Landfill Operations Contract,3.91,2,16,Fair
Florey,12-02-2025,0.023,3,3.504,35.042,-35.221,149.044,2025,2,Summer,FALSE,21.6,11.7,28.1,0,13.2,1012.5,TRUE,Belconnen Landfill Operations Contract,3.91,2,16,Fair
Florey,13-02-2025,0.031,5.646,3.271,47.875,-35.221,149.044,2025,2,Summer,FALSE,23.7,16.4,30.2,9.9,14.5,1009.6,TRUE,Belconnen Landfill Operations Contract,3.91,2,16,Fair
Florey,14-02-2025,0.029,8.858,6.979,43.875,-35.221,149.044,2025,2,Summer,FALSE,18.6,16.9,25.7,7.6,12.8,1004.8,TRUE,Belconnen Landfill Operations Contract,3.91,2,16,Fair
Florey,15-02-2025,0.023,8.925,4.608,34.625,-35.221,149.044,2025,2,Summer,TRUE,13.7,13.5,22.1,0,19.7,1003.1,TRUE,Belconnen Landfill Operations Contract,3.91,2,16,Fair
Florey,16-02-2025,0.016,6.383,3.171,24.25,-35.221,149.044,2025,2,Summer,TRUE,12.6,3.2,19.7,0,12.6,1010.3,TRUE,Belconnen Landfill Operations Contract,3.91,2,16,Good
Florey,17-02-2025,0.019,6.279,3.671,29.458,-35.221,149.044,2025,2,Summer,FALSE,14.4,4.1,24,0,11.4,1017.1,TRUE,Belconnen Landfill Operations Contract,3.91,2,16,Good
Florey,18-02-2025,0.018,8.125,5.754,31.875,-35.221,149.044,2025,2,Summer,FALSE,17.4,5.6,26.6,0,9.1,1013.4,TRUE,Belconnen Landfill Operations Contract,3.91,2,16,Good
Florey,19-02-2025,0.028,12.538,6.329,43.583,-35.221,149.044,2025,2,Summer,FALSE,18.7,10.2,26.6,0,12.3,1013.3,TRUE,Belconnen Landfill Operations Contract,3.91,2,16,Fair
Florey,20-02-2025,0.022,11.308,5.258,33.292,-35.221,149.044,2025,2,Summer,FALSE,17.1,13.9,24.4,0,11.8,1018.7,TRUE,Belconnen Landfill Operations Contract,3.91,2,16,Fair
Florey,21-02-2025,0.023,9.842,5.183,34.583,-35.221,149.044,2025,2,Summer,FALSE,20.7,7.2,27.7,0,11.3,1023,TRUE,Belconnen Landfill Operations Contract,3.91,2,16,Fair
Florey,22-02-2025,0.028,8.513,5.096,43.083,-35.221,149.044,2025,2,Summer,TRUE,21.7,16.4,30.5,0,9.2,1021,TRUE,Belconnen Landfill Operations Contract,3.91,2,16,Fair
Florey,23-02-2025,0.023,9.562,7.767,40.417,-35.221,149.044,2025,2,Summer,TRUE,21.8,12.6,28.3,0.3,11.9,1017.1,TRUE,Belconnen Landfill Operations Contract,3.91,2,16,Fair
Florey,24-02-2025,0.026,12.858,7.325,42.083,-35.221,149.044,2025,2,Summer,FALSE,22.2,14.3,33.2,0,13.6,1017.5,TRUE,Belconnen Landfill Operations Contract,3.91,2,16,Fair
Florey,25-02-2025,0.024,8.754,4.55,36.167,-35.221,149.044,2025,2,Summer,FALSE,19.1,15.5,24.8,0,16.2,1023.3,TRUE,Belconnen Landfill Operations Contract,3.91,2,16,Fair
Florey,26-02-2025,0.026,7.304,4.517,39.917,-35.221,149.044,2025,2,Summer,FALSE,23.3,15.4,32.9,0,9.4,1019.3,TRUE,Belconnen Landfill Operations Contract,3.91,2,16,Fair
Florey,27-02-2025,0.025,14.392,9.354,49.208,-35.221,149.044,2025,2,Summer,FALSE,24.7,16,35.1,0,10.7,1015.1,TRUE,Belconnen Landfill Operations Contract,3.91,2,16,Fair
Florey,28-02-2025,0.024,15.483,11.104,48.125,-35.221,149.044,2025,2,Summer,FALSE,25.3,15.7,32.8,0,12.1,1013.6,TRUE,Belconnen Landfill Operations Contract,3.91,2,16,Fair
Florey,01-03-2025,0.024,12.104,7.329,38,-35.221,149.044,2025,3,Autumn,TRUE,23.2,9.8,34.1,0,10.7,1015,TRUE,Belconnen Landfill Operations Contract,3.91,2,16,Fair
Florey,02-03-2025,0.02,11.354,7.225,37.5,-35.221,149.044,2025,3,Autumn,TRUE,20.7,14.5,34.2,0,11,1013.6,TRUE,Belconnen Landfill Operations Contract,3.91,2,16,Fair
Florey,03-03-2025,0.023,9.354,3.546,35.292,-35.221,149.044,2025,3,Autumn,FALSE,18.7,10.4,26.9,0,13.9,1018.9,TRUE,Belconnen Landfill Operations Contract,3.91,2,16,Fair
Florey,04-03-2025,0.021,9.158,3.475,32.083,-35.221,149.044,2025,3,Autumn,FALSE,16.4,9.8,25.5,0,16.6,1022.3,TRUE,Belconnen Landfill Operations Contract,3.91,2,16,Good
Florey,05-03-2025,0.017,10.712,3.646,28.042,-35.221,149.044,2025,3,Autumn,FALSE,19.3,7.3,28.1,0,12.1,1021.3,TRUE,Belconnen Landfill Operations Contract,3.91,2,16,Good
Florey,06-03-2025,0.016,13.838,5.554,30.333,-35.221,149.044,2025,3,Autumn,FALSE,18.1,11.8,27,0,17.6,1021.4,TRUE,Belconnen Landfill Operations Contract,3.91,2,16,Good
Florey,07-03-2025,0.018,9.996,3.029,28.167,-35.221,149.044,2025,3,Autumn,FALSE,17.8,9.9,24.5,0,16.9,1022.1,TRUE,Belconnen Landfill Operations Contract,3.91,2,16,Good
Florey,08-03-2025,0.019,3.546,2.008,30.042,-35.221,149.044,2025,3,Autumn,TRUE,19.1,11.6,27.7,0,15.7,1022.7,TRUE,Belconnen Landfill Operations Contract,3.91,2,16,Good
Florey,09-03-2025,0.02,1.3,2.379,30.708,-35.221,149.044,2025,3,Autumn,TRUE,20.7,11.8,29.6,0,11.8,1021.5,TRUE,Belconnen Landfill Operations Contract,3.91,2,16,Good
Florey,10-03-2025,0.019,6.638,5.008,29.917,-35.221,149.044,2025,3,Autumn,FALSE,20.3,13.4,31.3,22.1,8.7,1019.5,TRUE,Belconnen Landfill Operations Contract,3.91,2,16,Good
Florey,11-03-2025,0.017,9.867,7.45,32.958,-35.221,149.044,2025,3,Autumn,FALSE,18.9,14.7,26.4,0,14.2,1021.2,TRUE,Belconnen Landfill Operations Contract,3.91,2,16,Good
Florey,12-03-2025,0.017,9.638,6.538,31.708,-35.221,149.044,2025,3,Autumn,FALSE,19.7,12.3,27.3,0,7.6,1021.1,TRUE,Belconnen Landfill Operations Contract,3.91,2,16,Good
Florey,13-03-2025,0.016,6.829,5.896,33.125,-35.221,149.044,2025,3,Autumn,FALSE,20.7,13,31.5,6.1,9.5,1018.5,TRUE,Belconnen Landfill Operations Contract,3.91,2,16,Fair
Florey,14-03-2025,0.023,10.646,6.775,40.292,-35.221,149.044,2025,3,Autumn,FALSE,23.2,14.3,33.2,0.3,9.4,1018.8,TRUE,Belconnen Landfill Operations Contract,3.91,2,16,Fair
Florey,15-03-2025,0.029,14.608,9.583,48.542,-35.221,149.044,2025,3,Autumn,TRUE,23.6,12.6,34.6,0,9,1018.2,TRUE,Belconnen Landfill Operations Contract,3.91,2,16,Fair
Florey,16-03-2025,0.021,18.954,9.658,47.167,-35.221,149.044,2025,3,Autumn,TRUE,20.2,14.8,33.1,0,20.8,1009.8,TRUE,Belconnen Landfill Operations Contract,3.91,2,16,Fair
Florey,17-03-2025,0.023,15.592,3.225,40.583,-35.221,149.044,2025,3,Autumn,FALSE,12.6,7.2,21.3,0,18.9,1017.7,TRUE,Belconnen Landfill Operations Contract,3.91,2,16,Fair
Florey,18-03-2025,0.021,10.008,4.962,33.292,-35.221,149.044,2025,3,Autumn,FALSE,15.9,4.5,24.6,0,9.9,1021.8,TRUE,Belconnen Landfill Operations Contract,3.91,2,16,Fair
Florey,19-03-2025,0.023,13.8,7.029,38.792,-35.221,149.044,2025,3,Autumn,FALSE,21.7,8.6,30,0,9.9,1019.5,TRUE,Belconnen Landfill Operations Contract,3.91,2,16,Fair
Florey,20-03-2025,0.026,18.525,8.117,43.75,-35.221,149.044,2025,3,Autumn,FALSE,22.7,13.3,29.1,5.3,9.9,1017.3,TRUE,Belconnen Landfill Operations Contract,3.91,2,16,Fair
Florey,21-03-2025,0.019,14.108,7.587,36.833,-35.221,149.044,2025,3,Autumn,FALSE,19.2,16.4,27.5,0.5,11,1014.1,TRUE,Belconnen Landfill Operations Contract,3.91,2,16,Fair
Florey,22-03-2025,0.026,4.858,3.542,40.292,-35.221,149.044,2025,3,Autumn,TRUE,20.1,12.6,27.1,0,9.4,1016.6,TRUE,Belconnen Landfill Operations Contract,3.91,2,16,Fair
Florey,23-03-2025,0.025,3.079,3.475,38.917,-35.221,149.044,2025,3,Autumn,TRUE,18.6,15.6,25.8,0,8.9,1019.7,TRUE,Belconnen Landfill Operations Contract,3.91,2,16,Fair
Florey,24-03-2025,0.026,3.2,5.071,40.958,-35.221,149.044,2025,3,Autumn,FALSE,21.7,12.8,30.7,0,7.2,1019.1,TRUE,Belconnen Landfill Operations Contract,3.91,2,16,Fair
Florey,25-03-2025,0.027,6.812,6.008,41.75,-35.221,149.044,2025,3,Autumn,FALSE,20.4,14.5,28.2,0,11.7,1021.6,TRUE,Belconnen Landfill Operations Contract,3.91,2,16,Fair
Florey,26-03-2025,0.025,7.454,5.483,37.75,-35.221,149.044,2025,3,Autumn,FALSE,20.1,14.2,30.3,0,10.7,1021.1,TRUE,Belconnen Landfill Operations Contract,3.91,2,16,Fair
Florey,27-03-2025,0.019,8.483,5.579,31.792,-35.221,149.044,2025,3,Autumn,FALSE,18.6,11.6,26.9,0,11.8,1022.6,TRUE,Belconnen Landfill Operations Contract,3.91,2,16,Good
Florey,28-03-2025,0.024,5.971,3.588,36.5,-35.221,149.044,2025,3,Autumn,FALSE,17.4,14,24.4,13.5,12.7,1021.5,TRUE,Belconnen Landfill Operations Contract,3.91,2,16,Fair
Florey,29-03-2025,0.018,3.9,2.288,28.458,-35.221,149.044,2025,3,Autumn,TRUE,17.3,15.1,18.1,7.1,13.6,1013,TRUE,Belconnen Landfill Operations Contract,3.91,2,16,Good
Florey,30-03-2025,0.025,2.996,2.475,38.708,-35.221,149.044,2025,3,Autumn,TRUE,17.7,16.3,22.6,0.3,23.5,1011.8,TRUE,Belconnen Landfill Operations Contract,3.91,2,16,Fair
Florey,31-03-2025,0.023,1.75,1.037,36,-35.221,149.044,2025,3,Autumn,FALSE,15.7,13.8,21.5,0,31.4,1014,TRUE,Belconnen Landfill Operations Contract,3.91,2,16,Fair
Florey,01-04-2025,0.022,1.008,1.308,33.125,-35.221,149.044,2025,4,Autumn,FALSE,12.9,9.4,21.8,0,20,1015.3,TRUE,Belconnen Landfill Operations Contract,3.91,2,16,Fair
Florey,02-04-2025,0.014,4.458,3.804,23.917,-35.221,149.044,2025,4,Autumn,FALSE,14.1,3.7,23.7,0,7,1011,TRUE,Belconnen Landfill Operations Contract,3.91,2,16,Good
Florey,03-04-2025,0.015,9.121,7.083,32,-35.221,149.044,2025,4,Autumn,FALSE,14.6,5.6,24,0,7,1011.4,TRUE,Belconnen Landfill Operations Contract,3.91,2,16,Good
Florey,04-04-2025,0.019,18.55,13.562,54.75,-35.221,149.044,2025,4,Autumn,FALSE,15.5,6.1,22.6,0,8.8,1015.5,TRUE,Belconnen Landfill Operations Contract,3.91,2,16,Fair
Florey,05-04-2025,0.026,17.692,9.779,43.792,-35.221,149.044,2025,4,Autumn,TRUE,11.9,10.6,23.1,0,18.2,1015.4,TRUE,Belconnen Landfill Operations Contract,3.91,2,16,Fair
Florey,06-04-2025,0.022,13.071,5.396,34.667,-35.221,149.044,2025,4,Autumn,TRUE,14.2,-0.1,20.7,0,13.7,1017.6,TRUE,Belconnen Landfill Operations Contract,3.91,2,16,Fair
Florey,07-04-2025,0.022,13.868,4.312,29.625,-35.221,149.044,2025,4,Autumn,FALSE,14.6,9.9,20.9,0,20,1018.3,TRUE,Belconnen Landfill Operations Contract,3.91,2,16,Good
Florey,08-04-2025,0.029,,,13.042,-35.221,149.044,2025,4,Autumn,FALSE,15.9,8.3,22.6,0,7.7,1023.7,TRUE,Belconnen Landfill Operations Contract,3.91,2,16,Good
Florey,09-04-2025,0.024,12.329,6.018,37.958,-35.221,149.044,2025,4,Autumn,FALSE,15.9,11.6,24.6,0,7.9,1023,TRUE,Belconnen Landfill Operations Contract,3.91,2,16,Fair
Florey,10-04-2025,0.013,16.892,12.979,51.917,-35.221,149.044,2025,4,Autumn,FALSE,14.5,10.7,24.5,0,7.1,1021.5,TRUE,Belconnen Landfill Operations Contract,3.91,2,16,Fair
Florey,11-04-2025,0.017,19.346,13.2,53.208,-35.221,149.044,2025,4,Autumn,FALSE,16.8,4.4,28.4,0,7.7,1025.1,TRUE,Belconnen Landfill Operations Contract,3.91,2,16,Fair
Florey,12-04-2025,0.025,22.896,16.317,65.25,-35.221,149.044,2025,4,Autumn,TRUE,17.2,6.7,27.5,0,7.9,1030.7,TRUE,Belconnen Landfill Operations Contract,3.91,2,16,Fair
Florey,13-04-2025,0.017,15.558,10.808,47.208,-35.221,149.044,2025,4,Autumn,TRUE,15.3,8.3,26,0,5.8,1028.8,TRUE,Belconnen Landfill Operations Contract,3.91,2,16,Fair
Florey,14-04-2025,0.016,14.196,12.263,48.958,-35.221,149.044,2025,4,Autumn,FALSE,17.5,4.8,27.1,0,9,1026.2,TRUE,Belconnen Landfill Operations Contract,3.91,2,16,Fair
Florey,15-04-2025,0.025,7.929,6.292,39.083,-35.221,149.044,2025,4,Autumn,FALSE,11.1,6.9,20.7,0,13.7,1027.5,TRUE,Belconnen Landfill Operations Contract,3.91,2,16,Fair
Florey,16-04-2025,0.016,6.508,4.996,27.875,-35.221,149.044,2025,4,Autumn,FALSE,11.8,2,23.6,0,6.7,1022.2,TRUE,Belconnen Landfill Operations Contract,3.91,2,16,Good
Florey,17-04-2025,0.014,8.504,5.342,27.5,-35.221,149.044,2025,4,Autumn,FALSE,13.6,1.3,25.2,0,7.4,1017.4,TRUE,Belconnen Landfill Operations Contract,3.91,2,16,Good
Florey,18-04-2025,0.014,11.579,7.008,31.125,-35.221,149.044,2025,4,Autumn,FALSE,14.6,4.6,26.1,0,7.4,1014.5,TRUE,Belconnen Landfill Operations Contract,3.91,2,16,Good
Florey,19-04-2025,0.015,19.696,13.142,52.625,-35.221,149.044,2025,4,Autumn,TRUE,14.1,5.5,26.6,0,6,1013.1,TRUE,Belconnen Landfill Operations Contract,3.91,2,16,Fair
Florey,20-04-2025,0.015,20.375,12.867,51.458,-35.221,149.044,2025,4,Autumn,TRUE,17.8,3.5,27.3,3.3,11.7,1012.1,TRUE,Belconnen Landfill Operations Contract,3.91,2,16,Fair
Florey,21-04-2025,0.016,12.458,6.837,31.625,-35.221,149.044,2025,4,Autumn,FALSE,14.3,10.5,22.3,7.9,10.9,1013,TRUE,Belconnen Landfill Operations Contract,3.91,2,16,Good
Florey,22-04-2025,0.022,6.304,4.725,37.125,-35.221,149.044,2025,4,Autumn,FALSE,16.7,9.1,22.4,0.3,17.5,1018.6,TRUE,Belconnen Landfill Operations Contract,3.91,2,16,Fair
Florey,23-04-2025,0.026,4.517,2.704,39.667,-35.221,149.044,2025,4,Autumn,FALSE,14.3,11.6,19.3,5.6,12.1,1023.9,TRUE,Belconnen Landfill Operations Contract,3.91,2,16,Fair
Florey,24-04-2025,0.019,5.579,5.046,32.042,-35.221,149.044,2025,4,Autumn,FALSE,14.7,9.4,22.6,0.3,8.3,1023.1,TRUE,Belconnen Landfill Operations Contract,3.91,2,16,Good
Florey,25-04-2025,0.015,7.392,5.404,28.542,-35.221,149.044,2025,4,Autumn,FALSE,15.3,6.1,24.6,0,5.8,1018.6,TRUE,Belconnen Landfill Operations Contract,3.91,2,16,Good
Florey,26-04-2025,0.01,10.842,10.567,42.333,-35.221,149.044,2025,4,Autumn,TRUE,14.7,9.3,21.4,0.9,4.2,1015.8,TRUE,Belconnen Landfill Operations Contract,3.91,2,16,Fair
Florey,27-04-2025,0.016,8.858,10.7,28,-35.221,149.044,2025,4,Autumn,TRUE,13.7,9.7,21.4,0,10.9,1014.4,TRUE,Belconnen Landfill Operations Contract,3.91,2,16,Good
Florey,28-04-2025,0.027,5.192,,40.833,-35.221,149.044,2025,4,Autumn,FALSE,14.8,6.4,23.4,0,7.6,1016.3,TRUE,Belconnen Landfill Operations Contract,3.91,2,16,Fair
Florey,29-04-2025,0.012,8.104,,20.875,-35.221,149.044,2025,4,Autumn,FALSE,12.6,7.3,20.6,15,6.3,1018.4,TRUE,Belconnen Landfill Operations Contract,3.91,2,16,Good
Florey,30-04-2025,0.021,7.571,5.79,32.875,-35.221,149.044,2025,4,Autumn,FALSE,8.9,3.7,16.2,0.3,13.6,1023.8,TRUE,Belconnen Landfill Operations Contract,3.91,2,16,Good
Florey,01-05-2025,0.023,4.362,2.067,35.5,-35.221,149.044,2025,5,Autumn,FALSE,9.1,2,16.1,0,13.5,1029.9,TRUE,Belconnen Landfill Operations Contract,3.91,2,16,Fair
Florey,02-05-2025,0.011,3.921,5.533,25.333,-35.221,149.044,2025,5,Autumn,FALSE,9.1,3.3,18.7,0,7.4,1033.7,TRUE,Belconnen Landfill Operations Contract,3.91,2,16,Good
Florey,03-05-2025,0.008,9.612,9.7,38.833,-35.221,149.044,2025,5,Autumn,TRUE,8.6,-0.2,20.3,0,5.6,1035.3,TRUE,Belconnen Landfill Operations Contract,3.91,2,16,Fair
Florey,04-05-2025,0.008,15.75,13.638,54.458,-35.221,149.044,2025,5,Autumn,TRUE,9.2,-0.7,20.5,0,4.4,1033.5,TRUE,Belconnen Landfill Operations Contract,3.91,2,16,Fair
Florey,05-05-2025,0.007,16.279,12.883,51.375,-35.221,149.044,2025,5,Autumn,FALSE,10.7,1.6,21.7,0,4.6,1028.9,TRUE,Belconnen Landfill Operations Contract,3.91,2,16,Fair
Florey,06-05-2025,0.008,15.05,11.942,47.792,-35.221,149.044,2025,5,Autumn,FALSE,14.6,3,23.5,0,10.9,1023.2,TRUE,Belconnen Landfill Operations Contract,3.91,2,16,Fair
Florey,07-05-2025,0.014,12.987,6.292,32.792,-35.221,149.044,2025,5,Autumn,FALSE,14.8,6.1,23.6,0,17.6,1018.8,TRUE,Belconnen Landfill Operations Contract,3.91,2,16,Good
Florey,08-05-2025,0.02,11.671,3.992,31.667,-35.221,149.044,2025,5,Autumn,FALSE,7.4,4,17.5,0,9.7,1025.7,TRUE,Belconnen Landfill Operations Contract,3.91,2,16,Good
Florey,09-05-2025,0.009,8.671,7.829,32.417,-35.221,149.044,2025,5,Autumn,FALSE,8.7,-1.2,19.3,0,4.5,1032.2,TRUE,Belconnen Landfill Operations Contract,3.91,2,16,Good
Florey,10-05-2025,0.01,18.271,14.504,57.917,-35.221,149.044,2025,5,Autumn,TRUE,12.2,0.9,19.5,0,7,1032.2,TRUE,Belconnen Landfill Operations Contract,3.91,2,16,Fair
Florey,11-05-2025,0.011,8.567,6.508,29.125,-35.221,149.044,2025,5,Autumn,TRUE,13.7,3.9,20.8,1.8,6.3,1030.2,TRUE,Belconnen Landfill Operations Contract,3.91,2,16,Good
Florey,12-05-2025,0.008,8.254,7.879,31.542,-35.221,149.044,2025,5,Autumn,FALSE,14.8,10.7,21.7,0,7.7,1027.6,TRUE,Belconnen Landfill Operations Contract,3.91,2,16,Good
Florey,13-05-2025,0.01,6.596,5.729,25.417,-35.221,149.044,2025,5,Autumn,FALSE,14.4,8.4,20.3,0.8,7.6,1026.3,TRUE,Belconnen Landfill Operations Contract,3.91,2,16,Good
Florey,14-05-2025,0.007,6.608,6.258,24.958,-35.221,149.044,2025,5,Autumn,FALSE,12.8,9.8,20.6,1.3,5,1022.6,TRUE,Belconnen Landfill Operations Contract,3.91,2,16,Good
Florey,15-05-2025,0.012,10.513,9.825,39.542,-35.221,149.044,2025,5,Autumn,FALSE,12.5,6.7,19.2,0,7.2,1023.2,TRUE,Belconnen Landfill Operations Contract,3.91,2,16,Fair
Florey,16-05-2025,0.01,12.758,10.975,43.917,-35.221,149.044,2025,5,Autumn,FALSE,9.7,6.7,19.2,0,5.1,1019.4,TRUE,Belconnen Landfill Operations Contract,3.91,2,16,Fair
Florey,17-05-2025,0.01,16.329,15.054,60.292,-35.221,149.044,2025,5,Autumn,TRUE,10.5,1.5,17.7,0,7.4,1017.2,TRUE,Belconnen Landfill Operations Contract,3.91,2,16,Fair
Florey,18-05-2025,0.025,10.888,7.104,43.25,-35.221,149.044,2025,5,Autumn,TRUE,8.6,4.6,14.2,0,22.9,1024.5,TRUE,Belconnen Landfill Operations Contract,3.91,2,16,Fair
Florey,19-05-2025,0.026,3.017,2.104,39.208,-35.221,149.044,2025,5,Autumn,FALSE,8.2,4.8,14.4,0,16,1031.2,TRUE,Belconnen Landfill Operations Contract,3.91,2,16,Fair
Florey,20-05-2025,0.025,4.475,2.321,37.625,-35.221,149.044,2025,5,Autumn,FALSE,9.2,3,15.8,0,11.5,1031.6,TRUE,Belconnen Landfill Operations Contract,3.91,2,16,Fair
Florey,21-05-2025,0.016,4.258,3.883,27.375,-35.221,149.044,2025,5,Autumn,FALSE,12.8,3.3,17.6,1,7.2,1028.3,TRUE,Belconnen Landfill Operations Contract,3.91,2,16,Good
Florey,22-05-2025,0.02,3.354,2.096,30.375,-35.221,149.044,2025,5,Autumn,FALSE,13.8,10.4,13.8,19.6,9.4,1021.7,TRUE,Belconnen Landfill Operations Contract,3.91,2,16,Good
Florey,23-05-2025,0.021,2.387,0.912,32.792,-35.221,149.044,2025,5,Autumn,FALSE,11.9,9.6,16.1,10.9,14.2,1015.1,TRUE,Belconnen Landfill Operations Contract,3.91,2,16,Good
Florey,24-05-2025,0.021,5.438,4.079,33.125,-35.221,149.044,2025,5,Autumn,TRUE,10.4,9.1,16.8,0,24.3,1014.1,TRUE,Belconnen Landfill Operations Contract,3.91,2,16,Fair
Florey,25-05-2025,0.019,14.788,6.425,33.208,-35.221,149.044,2025,5,Autumn,TRUE,8.4,2.8,18.1,0,12.2,1018.3,TRUE,Belconnen Landfill Operations Contract,3.91,2,16,Fair
Florey,26-05-2025,0.009,10.604,9.3,37.125,-35.221,149.044,2025,5,Autumn,FALSE,8.1,-0.2,14.3,11.9,11.6,1015.5,TRUE,Belconnen Landfill Operations Contract,3.91,2,16,Fair
Florey,27-05-2025,0.025,126.692,17.062,255.417,-35.221,149.044,2025,5,Autumn,FALSE,8.1,6.7,13.2,0,23.7,1009.6,TRUE,Belconnen Landfill Operations Contract,3.91,2,16,Hazardous
Florey,28-05-2025,0.021,56.688,10.05,122.875,-35.221,149.044,2025,5,Autumn,FALSE,6.3,1.7,15.1,0,12.9,1016.8,TRUE,Belconnen Landfill Operations Contract,3.91,2,16,Very Poor
Florey,29-05-2025,0.008,11.529,11.763,47,-35.221,149.044,2025,5,Autumn,FALSE,5.1,-0.6,16.6,0.3,4.1,1021.8,TRUE,Belconnen Landfill Operations Contract,3.91,2,16,Fair
Florey,30-05-2025,0.006,15.371,14.338,57.333,-35.221,149.044,2025,5,Autumn,FALSE,6.9,-3.9,18.9,0,3.6,1026,TRUE,Belconnen Landfill Operations Contract,3.91,2,16,Fair
Florey,31-05-2025,0.009,20.208,14.983,60,-35.221,149.044,2025,5,Autumn,TRUE,6.6,-0.4,16.3,0,5,1029,TRUE,Belconnen Landfill Operations Contract,3.91,2,16,Fair
Florey,01-06-2025,0.002,20.108,16.679,66.542,-35.221,149.044,2025,6,Winter,TRUE,4.1,0.4,15.4,0,4.4,1026.6,TRUE,Belconnen Landfill Operations Contract,3.91,2,16,Poor
Florey,02-06-2025,,25.4,24.162,96.583,-35.221,149.044,2025,6,Winter,FALSE,4,-2.4,12.9,0.3,2.5,1019.6,TRUE,Belconnen Landfill Operations Contract,3.91,2,16,Poor
Florey,03-06-2025,,29.871,27.958,111.833,-35.221,149.044,2025,6,Winter,FALSE,8.8,-2.3,16.4,0.5,9.6,1012.6,TRUE,Belconnen Landfill Operations Contract,3.91,2,16,Very Poor
Florey,04-06-2025,,10.779,6.004,27.833,-35.221,149.044,2025,6,Winter,FALSE,3.9,2.8,11.7,0,22.5,1019.6,TRUE,Belconnen Landfill Operations Contract,3.91,2,16,Good
Florey,05-06-2025,,4.721,6.229,25.167,-35.221,149.044,2025,6,Winter,FALSE,3.4,-4.6,13.3,0,5.8,1024.9,TRUE,Belconnen Landfill Operations Contract,3.91,2,16,Good
Florey,06-06-2025,,14.346,12.583,50.292,-35.221,149.044,2025,6,Winter,FALSE,3.4,-3.1,10.7,0,6.6,1020.3,TRUE,Belconnen Landfill Operations Contract,3.91,2,16,Fair
Florey,07-06-2025,,12.625,7.679,30.833,-35.221,149.044,2025,6,Winter,TRUE,7,-0.4,11.3,4.3,25.3,1009.9,TRUE,Belconnen Landfill Operations Contract,3.91,2,16,Good
Florey,08-06-2025,,5.308,1.846,11.25,-35.221,149.044,2025,6,Winter,TRUE,4.2,4,6.6,1.8,28.3,1004.5,TRUE,Belconnen Landfill Operations Contract,3.91,2,16,Good
Florey,09-06-2025,,0.691,1.625,6.542,-35.221,149.044,2025,6,Winter,FALSE,5.4,2.4,9.3,0,20,1003.5,TRUE,Belconnen Landfill Operations Contract,3.91,2,16,Good
Florey,10-06-2025,,2.325,2.642,11.125,-35.221,149.044,2025,6,Winter,FALSE,4.6,0.1,13.3,0.3,13,1009.8,TRUE,Belconnen Landfill Operations Contract,3.91,2,16,Good
Florey,11-06-2025,0.008,3.525,4.158,17.708,-35.221,149.044,2025,6,Winter,FALSE,3.2,-2.6,13,0,6.5,1014.8,TRUE,Belconnen Landfill Operations Contract,3.91,2,16,Good
Florey,12-06-2025,0.007,9.804,11.65,46.625,-35.221,149.044,2025,6,Winter,FALSE,1.4,-4,11.8,0,4.5,1020.2,TRUE,Belconnen Landfill Operations Contract,3.91,2,16,Fair
Florey,13-06-2025,0.012,17.242,14.483,58.042,-35.221,149.044,2025,6,Winter,FALSE,4,-5.5,12.6,0.3,6.7,1024.8,TRUE,Belconnen Landfill Operations Contract,3.91,2,16,Fair
Florey,14-06-2025,0.011,12.013,10.867,43.5,-35.221,149.044,2025,6,Winter,TRUE,4.7,-4.1,14.2,0,5.1,1024.2,TRUE,Belconnen Landfill Operations Contract,3.91,2,16,Fair
Florey,15-06-2025,0.008,25.417,22,87.958,-35.221,149.044,2025,6,Winter,TRUE,4.1,-1,9.2,2.5,6.7,1023.3,TRUE,Belconnen Landfill Operations Contract,3.91,2,16,Poor
Florey,16-06-2025,0.013,10.671,9.263,37.458,-35.221,149.044,2025,6,Winter,FALSE,5.7,-1.5,9.5,0,9.8,1024.1,TRUE,Belconnen Landfill Operations Contract,3.91,2,16,Fair
Florey,17-06-2025,0.022,5.629,3.071,34.042,-35.221,149.044,2025,6,Winter,FALSE,5.3,4.1,12.8,0,21.8,1021.7,TRUE,Belconnen Landfill Operations Contract,3.91,2,16,Fair
Florey,18-06-2025,0.015,6.292,4.392,27.458,-35.221,149.044,2025,6,Winter,FALSE,1.3,-4.1,11.9,0,6.3,1026.4,TRUE,Belconnen Landfill Operations Contract,3.91,2,16,Good
Florey,19-06-2025,0.007,14.8,14.883,59.5,-35.221,149.044,2025,6,Winter,FALSE,1.4,-5.3,11.5,0.3,5.1,1028,TRUE,Belconnen Landfill Operations Contract,3.91,2,16,Fair
Florey,20-06-2025,0.006,17.654,17.379,69.583,-35.221,149.044,2025,6,Winter,FALSE,0.8,-7.2,13.3,0,3.7,1030.2,TRUE,Belconnen Landfill Operations Contract,3.91,2,16,Poor
Florey,21-06-2025,0.013,19.429,18.608,74.417,-35.221,149.044,2025,6,Winter,TRUE,1.4,-7.6,14.5,0,3.9,1031.8,TRUE,Belconnen Landfill Operations Contract,3.91,2,16,Poor
Florey,22-06-2025,0.008,20.433,20.717,82.875,-35.221,149.044,2025,6,Winter,TRUE,3.4,-7.5,14.5,0,4.1,1029.6,TRUE,Belconnen Landfill Operations Contract,3.91,2,16,Poor
Florey,23-06-2025,0.005,24.592,23.483,93.958,-35.221,149.044,2025,6,Winter,FALSE,10.6,-4.1,15,13.2,5.4,1021.8,TRUE,Belconnen Landfill Operations Contract,3.91,2,16,Poor
Florey,24-06-2025,0.024,11.312,8.504,51.458,-35.221,149.044,2025,6,Winter,FALSE,8.9,7,14.6,3.8,31.4,1009.1,TRUE,Belconnen Landfill Operations Contract,3.91,2,16,Fair
Florey,25-06-2025,0.027,4.596,1.677,42.25,-35.221,149.044,2025,6,Winter,FALSE,2.2,0.7,9,3,26.8,1008.6,TRUE,Belconnen Landfill Operations Contract,3.91,2,16,Fair
Florey,26-06-2025,0.016,3.55,5.171,29,-35.221,149.044,2025,6,Winter,FALSE,1.7,-5,10.6,0,8.5,1026.4,TRUE,Belconnen Landfill Operations Contract,3.91,2,16,Good
Florey,27-06-2025,0.008,17.396,16.8,67.292,-35.221,149.044,2025,6,Winter,FALSE,3.3,-5.4,13,0,3.8,1032.1,TRUE,Belconnen Landfill Operations Contract,3.91,2,16,Poor
Florey,28-06-2025,0.007,19.838,19.233,76.917,-35.221,149.044,2025,6,Winter,TRUE,3.4,-4.1,14.1,0,5.3,1029.2,TRUE,Belconnen Landfill Operations Contract,3.91,2,16,Poor
Florey,29-06-2025,0.009,21.633,20.354,81.375,-35.221,149.044,2025,6,Winter,TRUE,2.3,-5.6,12.6,0.3,5.6,1026.5,TRUE,Belconnen Landfill Operations Contract,3.91,2,16,Poor
Florey,30-06-2025,0.009,18.521,18.75,75.083,-35.221,149.044,2025,6,Winter,FALSE,7.1,-6.4,11.7,0.3,6.5,1026.9,TRUE,Belconnen Landfill Operations Contract,3.91,2,16,Poor
Florey,01-07-2025,0.018,9.892,8.579,39.958,-35.221,149.044,2025,7,Winter,FALSE,8.8,2.7,9.2,2,22.8,1016.9,TRUE,Belconnen Landfill Operations Contract,3.91,2,16,Fair
Florey,02-07-2025,0.031,1.996,0.717,48.042,-35.221,149.044,2025,7,Winter,FALSE,10.4,7.3,13.3,0,30,1008.7,TRUE,Belconnen Landfill Operations Contract,3.91,2,16,Fair
Florey,03-07-2025,0.014,4.992,6.075,30.5,-35.221,149.044,2025,7,Winter,FALSE,6.1,1.9,14.7,0,16.5,1014.2,TRUE,Belconnen Landfill Operations Contract,3.91,2,16,Good
Florey,04-07-2025,0.007,10.808,10.925,43.75,-35.221,149.044,2025,7,Winter,FALSE,2.1,-2.2,10.2,0.5,4.4,1021.8,TRUE,Belconnen Landfill Operations Contract,3.91,2,16,Fair
Florey,05-07-2025,0.006,7.75,7.267,29.042,-35.221,149.044,2025,7,Winter,TRUE,6.7,-4.2,11,0,4.2,1024,TRUE,Belconnen Landfill Operations Contract,3.91,2,16,Good
Florey,06-07-2025,0.008,16.929,14.8,59.25,-35.221,149.044,2025,7,Winter,TRUE,8.3,2.4,15,11.4,8,1018.5,TRUE,Belconnen Landfill Operations Contract,3.91,2,16,Fair
Florey,07-07-2025,0.016,8.958,8.258,33.25,-35.221,149.044,2025,7,Winter,FALSE,7.4,3.5,12,0,9.5,1016.9,TRUE,Belconnen Landfill Operations Contract,3.91,2,16,Fair
Florey,08-07-2025,0.021,9.192,7.488,33.083,-35.221,149.044,2025,7,Winter,FALSE,8.4,4.9,12.6,0,26.4,1011.9,TRUE,Belconnen Landfill Operations Contract,3.91,2,16,Fair
Florey,09-07-2025,0.031,12.954,3.412,47.792,-35.221,149.044,2025,7,Winter,FALSE,7.8,2.9,12.1,3.8,19.7,1008.5,TRUE,Belconnen Landfill Operations Contract,3.91,2,16,Fair
Florey,10-07-2025,0.026,11.508,4.904,40.5,-35.221,149.044,2025,7,Winter,FALSE,5.8,4.2,8.1,1,23.2,1005.6,TRUE,Belconnen Landfill Operations Contract,3.91,2,16,Fair
Florey,11-07-2025,0.027,3.838,2.642,42.375,-35.221,149.044,2025,7,Winter,FALSE,7.8,4.5,11.6,0,24.7,1018.5,TRUE,Belconnen Landfill Operations Contract,3.91,2,16,Fair
Florey,12-07-2025,0.028,3.392,3.863,42.792,-35.221,149.044,2025,7,Winter,TRUE,4.9,0.1,14.2,0.3,15.4,1024.4,TRUE,Belconnen Landfill Operations Contract,3.91,2,16,Fair
Florey,13-07-2025,0.015,11.017,11.525,46.417,-35.221,149.044,2025,7,Winter,TRUE,7.9,-2.8,12,0,15.8,1019.6,TRUE,Belconnen Landfill Operations Contract,3.91,2,16,Fair
Florey,14-07-2025,0.027,7.725,5.233,41.375,-35.221,149.044,2025,7,Winter,FALSE,6.1,3.4,12,0,22.8,1013.1,TRUE,Belconnen Landfill Operations Contract,3.91,2,16,Fair
Florey,15-07-2025,0.024,9.555,5.721,37.292,-35.221,149.044,2025,7,Winter,FALSE,3.2,2.6,12.3,0.3,16.4,1012.7,TRUE,Belconnen Landfill Operations Contract,3.91,2,16,Fair
Florey,16-07-2025,0.019,,5.546,30.208,-35.221,149.044,2025,7,Winter,FALSE,3.7,-5.4,12.8,0,10.2,1018.8,TRUE,Belconnen Landfill Operations Contract,3.91,2,16,Good
Florey,17-07-2025,0.009,13.55,10.025,40,-35.221,149.044,2025,7,Winter,FALSE,2.2,-4.4,12.6,0,4,1019.1,TRUE,Belconnen Landfill Operations Contract,3.91,2,16,Fair
Florey,18-07-2025,0.008,16.358,14.371,57.458,-35.221,149.044,2025,7,Winter,FALSE,3.9,-3.5,14.1,0,4.3,1020.4,TRUE,Belconnen Landfill Operations Contract,3.91,2,16,Fair
Florey,19-07-2025,0.01,15.758,13.492,53.958,-35.221,149.044,2025,7,Winter,TRUE,3.5,-5.5,13.6,0.3,11.3,1020.2,TRUE,Belconnen Landfill Operations Contract,3.91,2,16,Fair
Florey,20-07-2025,0.015,11.242,10.079,40.833,-35.221,149.044,2025,7,Winter,TRUE,6.6,-5.2,14.8,0,8.4,1024.2,TRUE,Belconnen Landfill Operations Contract,3.91,2,16,Fair
Florey,21-07-2025,0.014,12.146,9.871,40.5,-35.221,149.044,2025,7,Winter,FALSE,9.3,0.9,16.1,0,10.3,1024,TRUE,Belconnen Landfill Operations Contract,3.91,2,16,Fair
Florey,22-07-2025,0.011,10.592,8.912,36.042,-35.221,149.044,2025,7,Winter,FALSE,10.2,3.1,16.6,16.5,15.7,1015.8,TRUE,Belconnen Landfill Operations Contract,3.91,2,16,Fair
Florey,23-07-2025,0.026,8.263,4.254,39.583,-35.221,149.044,2025,7,Winter,FALSE,4.6,3.2,12.7,0.3,19.4,1014.9,TRUE,Belconnen Landfill Operations Contract,3.91,2,16,Fair
Florey,24-07-2025,0.022,6.712,3.458,33.375,-35.221,149.044,2025,7,Winter,FALSE,2.8,-2.8,12.8,0,10.2,1021.2,TRUE,Belconnen Landfill Operations Contract,3.91,2,16,Fair
Florey,25-07-2025,0.008,11.138,11.954,47.958,-35.221,149.044,2025,7,Winter,FALSE,7.9,-5.3,12.6,14.5,5.4,1021.1,TRUE,Belconnen Landfill Operations Contract,3.91,2,16,Fair
Florey,26-07-2025,0.021,7.896,4.587,33.333,-35.221,149.044,2025,7,Winter,TRUE,9.1,3.6,12.7,4.8,18.9,1008.4,TRUE,Belconnen Landfill Operations Contract,3.91,2,16,Fair
Florey,27-07-2025,0.023,3.546,1.9,35.958,-35.221,149.044,2025,7,Winter,TRUE,8.2,7.4,12.2,0.8,27.3,1004,TRUE,Belconnen Landfill Operations Contract,3.91,2,16,Fair
Florey,28-07-2025,0.025,1.821,0.871,38.833,-35.221,149.044,2025,7,Winter,FALSE,7.7,6.4,11.9,0,28.2,1007.9,TRUE,Belconnen Landfill Operations Contract,3.91,2,16,Fair
Florey,29-07-2025,0.024,2.95,1.85,36.333,-35.221,149.044,2025,7,Winter,FALSE,6.6,3.7,13,0,17,1014.2,TRUE,Belconnen Landfill Operations Contract,3.91,2,16,Fair
Florey,30-07-2025,0.019,9.679,7.512,37.208,-35.221,149.044,2025,7,Winter,FALSE,6.1,4.4,10.1,0,14.4,1016.9,TRUE,Belconnen Landfill Operations Contract,3.91,2,16,Fair
Florey,31-07-2025,0.03,5.492,2.25,46.542,-35.221,149.044,2025,7,Winter,FALSE,5.2,0.4,13.3,0.3,14.9,1022.7,TRUE,Belconnen Landfill Operations Contract,3.91,2,16,Fair
Florey,01-08-2025,0.026,4.154,2.404,40.25,-35.221,149.044,2025,8,Winter,FALSE,7.7,-1.2,11.8,1,11.6,1024.9,TRUE,Belconnen Landfill Operations Contract,3.91,2,16,Fair
Florey,02-08-2025,0.027,3.654,1.963,41.5,-35.221,149.044,2025,8,Winter,TRUE,9,4.7,11.7,0,18,1024.3,TRUE,Belconnen Landfill Operations Contract,3.91,2,16,Fair
Florey,03-08-2025,0.029,3.354,1.779,44.958,-35.221,149.044,2025,8,Winter,TRUE,8,4.6,16.5,0,16.3,1025.6,TRUE,Belconnen Landfill Operations Contract,3.91,2,16,Fair
Florey,04-08-2025,0.013,8.475,7.529,33.042,-35.221,149.044,2025,8,Winter,FALSE,9.3,0.9,16.5,0.3,6.2,1023.2,TRUE,Belconnen Landfill Operations Contract,3.91,2,16,Fair
Florey,05-08-2025,0.012,15.425,11.704,46.917,-35.221,149.044,2025,8,Winter,FALSE,7.3,3.8,16,0,14.7,1018.4,TRUE,Belconnen Landfill Operations Contract,3.91,2,16,Fair
Florey,06-08-2025,0.014,11.267,7.071,33.5,-35.221,149.044,2025,8,Winter,FALSE,5.5,-3.6,16.1,0,8.5,1022.3,TRUE,Belconnen Landfill Operations Contract,3.91,2,16,Fair
Florey,07-08-2025,0.011,12.896,10.55,42.208,-35.221,149.044,2025,8,Winter,FALSE,6.3,-3.4,14.6,0,5.2,1029.1,TRUE,Belconnen Landfill Operations Contract,3.91,2,16,Fair
Florey,08-08-2025,0.014,11.342,7.988,35,-35.221,149.044,2025,8,Winter,FALSE,6.7,1,14.2,0,10.7,1033.7,TRUE,Belconnen Landfill Operations Contract,3.91,2,16,Fair
Florey,09-08-2025,0.019,8.083,5.154,32.667,-35.221,149.044,2025,8,Winter,TRUE,8,1,14.1,0,14.3,1033.8,TRUE,Belconnen Landfill Operations Contract,3.91,2,16,Good
Florey,10-08-2025,0.03,4.208,2.387,46.917,-35.221,149.044,2025,8,Winter,TRUE,6.2,2.3,14.9,0,11,1030.7,TRUE,Belconnen Landfill Operations Contract,3.91,2,16,Fair
Florey,11-08-2025,0.016,7.671,7.321,33.833,-35.221,149.044,2025,8,Winter,FALSE,4.8,-1,14.1,0.3,7.6,1028.7,TRUE,Belconnen Landfill Operations Contract,3.91,2,16,Fair
Florey,12-08-2025,0.014,10.346,8.704,37.042,-35.221,149.044,2025,8,Winter,FALSE,6,-4.3,14.9,0,5.3,1026.9,TRUE,Belconnen Landfill Operations Contract,3.91,2,16,Fair
Florey,13-08-2025,0.01,14.621,11.45,45.792,-35.221,149.044,2025,8,Winter,FALSE,8.7,-0.1,13.7,0,5.1,1026.3,TRUE,Belconnen Landfill Operations Contract,3.91,2,16,Fair
Florey,14-08-2025,0.023,8.763,4.721,38.458,-35.221,149.044,2025,8,Winter,FALSE,6.4,2.6,16.1,0,11.4,1027.5,TRUE,Belconnen Landfill Operations Contract,3.91,2,16,Fair
Florey,15-08-2025,0.014,9.721,8.771,36.667,-35.221,149.044,2025,8,Winter,FALSE,9.8,-2.9,15.3,0,11.1,1020.6,TRUE,Belconnen Landfill Operations Contract,3.91,2,16,Fair
Florey,16-08-2025,0.027,7.017,3.912,42.25,-35.221,149.044,2025,8,Winter,TRUE,4.1,1.5,13.3,0,19.5,1014,TRUE,Belconnen Landfill Operations Contract,3.91,2,16,Fair
Florey,17-08-2025,0.022,6.65,4.271,34.417,-35.221,149.044,2025,8,Winter,TRUE,3.1,-3.9,12.5,0,10.2,1019.1,TRUE,Belconnen Landfill Operations Contract,3.91,2,16,Fair
Florey,18-08-2025,0.016,13.454,10.758,43.5,-35.221,149.044,2025,8,Winter,FALSE,5.2,-6.2,13.6,0,9.4,1027.5,TRUE,Belconnen Landfill Operations Contract,3.91,2,16,Fair
Florey,19-08-2025,0.019,9.917,8.867,43.083,-35.221,149.044,2025,8,Winter,FALSE,7.8,-0.9,14.7,0.3,11,1032.4,TRUE,Belconnen Landfill Operations Contract,3.91,2,16,Fair
Florey,20-08-2025,0.026,4.342,2.442,40.125,-35.221,149.044,2025,8,Winter,FALSE,10.1,1.3,14.9,2,13.1,1032.1,TRUE,Belconnen Landfill Operations Contract,3.91,2,16,Fair
Florey,21-08-2025,0.03,4.971,1.442,46.75,-35.221,149.044,2025,8,Winter,FALSE,10.7,8.1,14.9,0.5,16.7,1028.9,TRUE,Belconnen Landfill Operations Contract,3.91,2,16,Fair
Florey,22-08-2025,0.024,1.783,2.142,36.333,-35.221,149.044,2025,8,Winter,FALSE,10.4,6.6,19.4,0,8.1,1023.6,TRUE,Belconnen Landfill Operations Contract,3.91,2,16,Fair
Florey,23-08-2025,0.015,10.908,9.429,39.833,-35.221,149.044,2025,8,Winter,TRUE,11.2,3.5,19.7,0.3,8.4,1021,TRUE,Belconnen Landfill Operations Contract,3.91,2,16,Fair
Florey,24-08-2025,0.03,7.521,3.854,46.25,-35.221,149.044,2025,8,Winter,TRUE,10.1,3.8,16.2,0,18.4,1022.7,TRUE,Belconnen Landfill Operations Contract,3.91,2,16,Fair
Florey,25-08-2025,0.021,3.988,3.946,33.708,-35.221,149.044,2025,8,Winter,FALSE,11.8,4,21,0,8.7,1019.5,TRUE,Belconnen Landfill Operations Contract,3.91,2,16,Fair
Florey,26-08-2025,0.014,8.013,7.712,32.583,-35.221,149.044,2025,8,Winter,FALSE,12.1,5,19,0,13.8,1012.9,TRUE,Belconnen Landfill Operations Contract,3.91,2,16,Good
Florey,27-08-2025,0.028,6.108,3.608,43.25,-35.221,149.044,2025,8,Winter,FALSE,10.9,7,14,14.8,27.7,1002.2,TRUE,Belconnen Landfill Operations Contract,3.91,2,16,Fair
Florey,28-08-2025,0.031,4.792,1.233,47.208,-35.221,149.044,2025,8,Winter,FALSE,7.8,6,10,0.7,27.7,1005.6,TRUE,Belconnen Landfill Operations Contract,3.91,2,16,Fair
Florey,29-08-2025,0.03,5.233,1.512,46.5,-35.221,149.044,2025,8,Winter,FALSE,8.4,5,13,7.2,28.2,1004.9,TRUE,Belconnen Landfill Operations Contract,3.91,2,16,Fair
Florey,30-08-2025,0.029,4.904,1.808,45.042,-35.221,149.044,2025,8,Winter,TRUE,6.8,1,14,3.1,20.7,1011.3,TRUE,Belconnen Landfill Operations Contract,3.91,2,16,Fair
Florey,31-08-2025,0.015,9.808,8.067,34.167,-35.221,149.044,2025,8,Winter,TRUE,5,-3,14,0,11.5,1023.9,TRUE,Belconnen Landfill Operations Contract,3.91,2,16,Fair
Florey,01-09-2025,0.015,6.758,5.879,29.5,-35.221,149.044,2025,9,Spring,FALSE,5.9,-3,15,0,8.2,1023.2,TRUE,Belconnen Landfill Operations Contract,3.91,2,16,Good
Florey,02-09-2025,0.015,8.229,6.892,32.708,-35.221,149.044,2025,9,Spring,FALSE,8.1,2,15,0.1,13,1022.2,TRUE,Belconnen Landfill Operations Contract,3.91,2,16,Good
Florey,03-09-2025,0.022,7.233,4.192,34.167,-35.221,149.044,2025,9,Spring,FALSE,9.8,2,15,0.1,19.9,1019.3,TRUE,Belconnen Landfill Operations Contract,3.91,2,16,Fair
Florey,04-09-2025,0.027,7.804,4.254,40.917,-35.221,149.044,2025,9,Spring,FALSE,11.9,7,17,0,24,1017.5,TRUE,Belconnen Landfill Operations Contract,3.91,2,16,Fair
Florey,05-09-2025,0.024,9.358,4.471,36.458,-35.221,149.044,2025,9,Spring,FALSE,7.7,-1,16,0,12.1,1026.2,TRUE,Belconnen Landfill Operations Contract,3.91,2,16,Fair
Florey,06-09-2025,0.024,9.654,5.725,37.542,-35.221,149.044,2025,9,Spring,TRUE,9.1,-1,19,0,10.2,1028.5,TRUE,Belconnen Landfill Operations Contract,3.91,2,16,Fair
Florey,07-09-2025,0.016,21.262,16.917,67.833,-35.221,149.044,2025,9,Spring,TRUE,12.2,3,20,1.6,14.7,1023.5,TRUE,Belconnen Landfill Operations Contract,3.91,2,16,Poor
Florey,08-09-2025,0.028,11.07,7.561,38.333,-35.221,149.044,2025,9,Spring,FALSE,15.6,11,22,0,24.8,1016.6,TRUE,Belconnen Landfill Operations Contract,3.91,2,16,Fair
Florey,09-09-2025,0.027,6.4,2.42,28.292,-35.221,149.044,2025,9,Spring,FALSE,14.3,5,21,0,20.2,1014.1,TRUE,Belconnen Landfill Operations Contract,3.91,2,16,Good
Florey,10-09-2025,0.015,9.088,5.967,28,-35.221,149.044,2025,9,Spring,FALSE,7.9,5,11,21.8,11.6,1008,TRUE,Belconnen Landfill Operations Contract,3.91,2,16,Good
Florey,11-09-2025,0.026,4.979,2.146,40,-35.221,149.044,2025,9,Spring,FALSE,8.5,4,14,4.3,16.5,1012.5,TRUE,Belconnen Landfill Operations Contract,3.91,2,16,Fair
Florey,12-09-2025,0.013,8.125,7.362,32.542,-35.221,149.044,2025,9,Spring,FALSE,7.1,-1,15,0,11.9,1021.8,TRUE,Belconnen Landfill Operations Contract,3.91,2,16,Good
Florey,13-09-2025,0.015,8.975,6.512,30.333,-35.221,149.044,2025,9,Spring,TRUE,8.5,-1,17,0,6.8,1025.5,TRUE,Belconnen Landfill Operations Contract,3.91,2,16,Good
Florey,14-09-2025,0.014,11.729,10.538,42.25,-35.221,149.044,2025,9,Spring,TRUE,9.1,0,17,0,14.5,1023.3,TRUE,Belconnen Landfill Operations Contract,3.91,2,16,Fair
Florey,15-09-2025,0.019,7.192,5.25,33.583,-35.221,149.044,2025,9,Spring,FALSE,12.6,6,20,0,17.6,1019.3,TRUE,Belconnen Landfill Operations Contract,3.91,2,16,Fair
Florey,16-09-2025,0.023,10.862,7.275,38.125,-35.221,149.044,2025,9,Spring,FALSE,15.1,5,21,9.7,24,1013.4,TRUE,Belconnen Landfill Operations Contract,3.91,2,16,Fair
Florey,17-09-2025,0.029,7.375,4.646,45.458,-35.221,149.044,2025,9,Spring,FALSE,11.4,5,16,0.1,22.2,1017,TRUE,Belconnen Landfill Operations Contract,3.91,2,16,Fair
Florey,18-09-2025,0.021,7.717,4.896,33.958,-35.221,149.044,2025,9,Spring,FALSE,8.1,0,16,0,11.4,1022.9,TRUE,Belconnen Landfill Operations Contract,3.91,2,16,Fair
Florey,19-09-2025,0.017,9.517,6.546,32.375,-35.221,149.044,2025,9,Spring,FALSE,9.7,0,19,2.9,12.6,1017,TRUE,Belconnen Landfill Operations Contract,3.91,2,16,Good
Florey,20-09-2025,0.027,8.288,3.904,41.833,-35.221,149.044,2025,9,Spring,TRUE,10.7,7,13,3.7,24.8,1009.8,TRUE,Belconnen Landfill Operations Contract,3.91,2,16,Fair
Florey,21-09-2025,0.029,8.862,4.508,44.208,-35.221,149.044,2025,9,Spring,TRUE,10.2,5,15,0.1,20.8,1016,TRUE,Belconnen Landfill Operations Contract,3.91,2,16,Fair
Florey,22-09-2025,0.026,5.779,3.863,40.375,-35.221,149.044,2025,9,Spring,FALSE,9.4,1,16,1.7,16.7,1018.8,TRUE,Belconnen Landfill Operations Contract,3.91,2,16,Fair
Florey,23-09-2025,0.015,7.996,6.404,30.625,-35.221,149.044,2025,9,Spring,FALSE,6.8,-2,15,0,12.9,1024.3,TRUE,Belconnen Landfill Operations Contract,3.91,2,16,Good
Florey,24-09-2025,0.027,7.358,3.262,41.667,-35.221,149.044,2025,9,Spring,FALSE,9.6,1,19,0,18.6,1019,TRUE,Belconnen Landfill Operations Contract,3.91,2,16,Fair
Florey,25-09-2025,0.031,8.737,5.796,47.917,-35.221,149.044,2025,9,Spring,FALSE,11.6,7,18,0,23.6,1015.9,TRUE,Belconnen Landfill Operations Contract,3.91,2,16,Fair
Florey,26-09-2025,0.031,13.425,8.25,48,-35.221,149.044,2025,9,Spring,FALSE,15.6,8,22,0,26.8,1012.1,TRUE,Belconnen Landfill Operations Contract,3.91,2,16,Fair
Florey,27-09-2025,0.026,16.142,7.529,41.667,-35.221,149.044,2025,9,Spring,TRUE,15.9,9,24,0,19.8,1012.5,TRUE,Belconnen Landfill Operations Contract,3.91,2,16,Fair
Florey,28-09-2025,0.018,17.3,9.671,43.375,-35.221,149.044,2025,9,Spring,TRUE,13.1,5,21,0,14.5,1014.2,TRUE,Belconnen Landfill Operations Contract,3.91,2,16,Fair
Florey,29-09-2025,0.025,9.033,4.175,38.792,-35.221,149.044,2025,9,Spring,FALSE,12.9,7,20,0,8.8,1017.9,TRUE,Belconnen Landfill Operations Contract,3.91,2,16,Fair
Florey,30-09-2025,0.017,11.021,7.617,35.542,-35.221,149.044,2025,9,Spring,FALSE,14.6,3,24,0,14.2,1009.5,TRUE,Belconnen Landfill Operations Contract,3.91,2,16,Fair
Florey,01-10-2025,0.028,11.7,5.075,43.792,-35.221,149.044,2025,10,Spring,FALSE,13.1,9,17,0,26.6,1008.3,TRUE,Belconnen Landfill Operations Contract,3.91,2,16,Fair
Florey,02-10-2025,0.028,7.696,2.538,42.667,-35.221,149.044,2025,10,Spring,FALSE,10,8,14,1,25.8,1010.1,TRUE,Belconnen Landfill Operations Contract,3.91,2,16,Fair
Florey,03-10-2025,0.025,8.483,3.829,38,-35.221,149.044,2025,10,Spring,FALSE,11.3,7,16,0,25.3,1017.8,TRUE,Belconnen Landfill Operations Contract,3.91,2,16,Fair
Florey,04-10-2025,0.019,8.529,5.433,30.792,-35.221,149.044,2025,10,Spring,TRUE,12.5,2,23,0,10.8,1023.2,TRUE,Belconnen Landfill Operations Contract,3.91,2,16,Good
Florey,05-10-2025,0.017,8.454,6.142,32.583,-35.221,149.044,2025,10,Spring,TRUE,14.8,3,24,0,12.4,1018.8,TRUE,Belconnen Landfill Operations Contract,3.91,2,16,Good
Florey,06-10-2025,0.03,9.675,4.012,46.5,-35.221,149.044,2025,10,Spring,FALSE,16.4,8,23,0.9,25.9,1013.1,TRUE,Belconnen Landfill Operations Contract,3.91,2,16,Fair
Florey,07-10-2025,0.021,8.229,4.892,32.833,-35.221,149.044,2025,10,Spring,FALSE,9.5,2,17,0,15.2,1016.2,TRUE,Belconnen Landfill Operations Contract,3.91,2,16,Good
Florey,08-10-2025,0.022,14.867,7.042,37.917,-35.221,149.044,2025,10,Spring,FALSE,13.8,2,24,0,9.7,1011.5,TRUE,Belconnen Landfill Operations Contract,3.91,2,16,Fair
Florey,09-10-2025,0.03,10.288,5.683,46.375,-35.221,149.044,2025,10,Spring,FALSE,16,11,19,12,20.4,1011.2,TRUE,Belconnen Landfill Operations Contract,3.91,2,16,Fair
Florey,10-10-2025,0.022,8.104,4.762,34.458,-35.221,149.044,2025,10,Spring,FALSE,15.2,5,22,0,11.5,1013.3,TRUE,Belconnen Landfill Operations Contract,3.91,2,16,Fair
Florey,11-10-2025,0.026,12.567,4.146,40.708,-35.221,149.044,2025,10,Spring,TRUE,16.7,11,22,,15.8,1012.5,TRUE,Belconnen Landfill Operations Contract,3.91,2,16,Fair
Florey,12-10-2025,0.02,12.246,5.9,33,-35.221,149.044,2025,10,Spring,TRUE,12.1,3,21,0,21.4,1012.2,TRUE,Belconnen Landfill Operations Contract,3.91,2,16,Good
Florey,13-10-2025,0.025,9.992,3.771,38.5,-35.221,149.044,2025,10,Spring,FALSE,12.9,7,19,0,20,1016.1,TRUE,Belconnen Landfill Operations Contract,3.91,2,16,Fair
Florey,14-10-2025,0.02,8.487,4.925,33.625,-35.221,149.044,2025,10,Spring,FALSE,11.8,-1,21,0,15,1018.5,TRUE,Belconnen Landfill Operations Contract,3.91,2,16,Fair
Florey,15-10-2025,0.019,11.029,6.413,33.292,-35.221,149.044,2025,10,Spring,FALSE,13.6,3,24,0,10,1021.2,TRUE,Belconnen Landfill Operations Contract,3.91,2,16,Fair
Florey,16-10-2025,0.019,19.775,6.075,43.292,-35.221,149.044,2025,10,Spring,FALSE,16.1,5,27,0,13,1018.4,TRUE,Belconnen Landfill Operations Contract,3.91,2,16,Fair
Florey,17-10-2025,0.022,38.796,6.738,77.583,-35.221,149.044,2025,10,Spring,FALSE,18.5,8,28,0,17.7,1012.6,TRUE,Belconnen Landfill Operations Contract,3.91,2,16,Poor
Florey,18-10-2025,0.026,36.875,3.392,73.792,-35.221,149.044,2025,10,Spring,TRUE,16,10,25,0,12.7,1015.3,TRUE,Belconnen Landfill Operations Contract,3.91,2,16,Poor
Florey,19-10-2025,0.024,44.946,5.512,89.917,-35.221,149.044,2025,10,Spring,TRUE,16.9,7,26,0,15,1015.4,TRUE,Belconnen Landfill Operations Contract,3.91,2,16,Poor
Florey,20-10-2025,0.01,18.683,7.904,37.458,-35.221,149.044,2025,10,Spring,FALSE,21.3,8,31,0,17.8,1011.4,TRUE,Belconnen Landfill Operations Contract,3.91,2,16,Fair
Florey,21-10-2025,0.028,18.508,6.383,40.917,-35.221,149.044,2025,10,Spring,FALSE,19.6,12,26,0,10.5,1012,TRUE,Belconnen Landfill Operations Contract,3.91,2,16,Fair
Florey,22-10-2025,0.02,13.096,7.388,36.458,-35.221,149.044,2025,10,Spring,FALSE,17.2,14,25,11.1,21.2,1004.5,TRUE,Belconnen Landfill Operations Contract,3.91,2,16,Fair
Florey,23-10-2025,0.025,21.658,4.262,47.417,-35.221,149.044,2025,10,Spring,FALSE,14.3,7,21,0,13.9,1012.7,TRUE,Belconnen Landfill Operations Contract,3.91,2,16,Fair
Florey,24-10-2025,0.022,10.796,4.329,35.208,-35.221,149.044,2025,10,Spring,FALSE,13.5,7,21,0,12.4,1014.2,TRUE,Belconnen Landfill Operations Contract,3.91,2,16,Fair
Florey,25-10-2025,0.021,13.454,5.354,35.542,-35.221,149.044,2025,10,Spring,TRUE,14,6,21,0,12.3,1014.8,TRUE,Belconnen Landfill Operations Contract,3.91,2,16,Fair
Florey,26-10-2025,0.021,12.737,4.404,34.125,-35.221,149.044,2025,10,Spring,TRUE,13.2,8,16,4.8,15.2,1005.8,TRUE,Belconnen Landfill Operations Contract,3.91,2,16,Fair
Florey,27-10-2025,0.024,9.788,3.917,37.333,-35.221,149.044,2025,10,Spring,FALSE,12.9,6,18,2.4,18.8,1006.3,TRUE,Belconnen Landfill Operations Contract,3.91,2,16,Fair
Florey,28-10-2025,0.023,8.338,2.504,35.667,-35.221,149.044,2025,10,Spring,FALSE,7.5,0,12,0,16,1019.7,TRUE,Belconnen Landfill Operations Contract,3.91,2,16,Fair
Florey,29-10-2025,0.023,7.404,2.079,35.375,-35.221,149.044,2025,10,Spring,FALSE,11.6,8,15,0.9,9.5,1018,TRUE,Belconnen Landfill Operations Contract,3.91,2,16,Fair
Florey,30-10-2025,0.026,4.517,2.612,39.583,-35.221,149.044,2025,10,Spring,FALSE,15.5,11,22,0.1,11.2,1017,TRUE,Belconnen Landfill Operations Contract,3.91,2,16,Fair
Florey,31-10-2025,0.025,8.508,3.75,39,-35.221,149.044,2025,10,Spring,FALSE,16.6,11,23,4.9,8.9,1017.9,TRUE,Belconnen Landfill Operations Contract,3.91,2,16,Fair
Florey,01-11-2025,0.03,11.017,4.567,46.125,-35.221,149.044,2025,11,Spring,TRUE,17.8,11,26,4.7,10.9,1015.6,TRUE,Belconnen Landfill Operations Contract,3.91,2,16,Fair
Florey,02-11-2025,0.028,9.962,5.15,43,-35.221,149.044,2025,11,Spring,TRUE,18.7,9,28,0,9.3,1012.8,TRUE,Belconnen Landfill Operations Contract,3.91,2,16,Fair
Florey,03-11-2025,0.024,17.079,7.879,42.958,-35.221,149.044,2025,11,Spring,FALSE,18.2,11,26,4.6,15.8,1005.4,TRUE,Belconnen Landfill Operations Contract,3.91,2,16,Fair
Florey,04-11-2025,0.024,15.942,1.679,38.417,-35.221,149.044,2025,11,Spring,FALSE,9.4,7,12,6.2,23.5,1007,TRUE,Belconnen Landfill Operations Contract,3.91,2,16,Fair
Florey,05-11-2025,0.022,6.504,2.321,34.042,-35.221,149.044,2025,11,Spring,FALSE,12.1,8,17,0.2,24.2,1013,TRUE,Belconnen Landfill Operations Contract,3.91,2,16,Fair
Florey,06-11-2025,0.015,10.021,6.779,32.542,-35.221,149.044,2025,11,Spring,FALSE,13.4,3,22,0,11.7,1016.7,TRUE,Belconnen Landfill Operations Contract,3.91,2,16,Good
Florey,07-11-2025,0.017,11.079,5.45,33.583,-35.221,149.044,2025,11,Spring,FALSE,17.9,10,27,0,10.7,1011.2,TRUE,Belconnen Landfill Operations Contract,3.91,2,16,Fair
Florey,08-11-2025,0.023,20.662,8.392,46.125,-35.221,149.044,2025,11,Spring,TRUE,19.3,12,28,9.6,17.8,1005,TRUE,Belconnen Landfill Operations Contract,3.91,2,16,Fair
Florey,09-11-2025,0.021,22.111,4.392,36.417,-35.221,149.044,2025,11,Spring,TRUE,13.1,7,19,0.8,13.1,1011,TRUE,Belconnen Landfill Operations Contract,3.91,2,16,Fair
Florey,10-11-2025,0.016,,3.546,28.417,-35.221,149.044,2025,11,Spring,FALSE,13.5,3,23,0,14.6,1013.9,TRUE,Belconnen Landfill Operations Contract,3.91,2,16,Good
Florey,11-11-2025,0.02,13.147,3.538,31.917,-35.221,149.044,2025,11,Spring,FALSE,11.2,3,18,1.1,20,1012.8,TRUE,Belconnen Landfill Operations Contract,3.91,2,16,Good
Florey,12-11-2025,0.018,,2.979,27.5,-35.221,149.044,2025,11,Spring,FALSE,10.1,-1,20,0,15.6,1016.8,TRUE,Belconnen Landfill Operations Contract,3.91,2,16,Good
Florey,13-11-2025,0.021,,3.325,33.042,-35.221,149.044,2025,11,Spring,FALSE,15.5,3,25,0,19,1011.7,TRUE,Belconnen Landfill Operations Contract,3.91,2,16,Fair
Florey,14-11-2025,0.02,13.794,4.271,34,-35.221,149.044,2025,11,Spring,FALSE,17.8,11,26,0.1,14.8,1008.9,TRUE,Belconnen Landfill Operations Contract,3.91,2,16,Fair
Florey,15-11-2025,0.029,18.467,6.158,44.708,-35.221,149.044,2025,11,Spring,TRUE,20.2,13,29,9.2,15.2,1007,TRUE,Belconnen Landfill Operations Contract,3.91,2,16,Fair
Florey,16-11-2025,0.031,13.875,5.408,47.833,-35.221,149.044,2025,11,Spring,TRUE,18.3,11,25,0.3,26.5,1004,TRUE,Belconnen Landfill Operations Contract,3.91,2,16,Fair
Florey,17-11-2025,0.023,8.167,2.633,35.042,-35.221,149.044,2025,11,Spring,FALSE,13.2,9,18,0.3,25.8,1004.2,TRUE,Belconnen Landfill Operations Contract,3.91,2,16,Fair
Florey,18-11-2025,0.02,,3.996,25.75,-35.221,149.044,2025,11,Spring,FALSE,16.8,9,24,0,22.5,1009,TRUE,Belconnen Landfill Operations Contract,3.91,2,16,Good
Florey,19-11-2025,0.014,4.337,5.462,29.917,-35.221,149.044,2025,11,Spring,FALSE,18.6,7,27,0,11.8,1010.4,TRUE,Belconnen Landfill Operations Contract,3.91,2,16,Good
Florey,20-11-2025,0.014,10.717,5.108,28.208,-35.221,149.044,2025,11,Spring,FALSE,18.8,10,29,0.3,15.1,1011.8,TRUE,Belconnen Landfill Operations Contract,3.91,2,16,Good
Florey,21-11-2025,0.02,5.225,1.129,30.458,-35.221,149.044,2025,11,Spring,FALSE,13.3,11,15,0,16.4,1020.2,TRUE,Belconnen Landfill Operations Contract,3.91,2,16,Good
Florey,22-11-2025,0.02,6.529,2.308,31.333,-35.221,149.044,2025,11,Spring,TRUE,15.2,13,17,0.1,12.3,1018.2,TRUE,Belconnen Landfill Operations Contract,3.91,2,16,Good
Florey,23-11-2025,0.023,5.275,3.083,35.25,-35.221,149.044,2025,11,Spring,TRUE,19.6,14,26,15.1,12.8,1009.3,TRUE,Belconnen Landfill Operations Contract,3.91,2,16,Fair
Florey,24-11-2025,0.022,4.058,3.404,33.833,-35.221,149.044,2025,11,Spring,FALSE,18.4,11,27,0.2,10.9,1007.6,TRUE,Belconnen Landfill Operations Contract,3.91,2,16,Fair
Florey,25-11-2025,0.027,7.6,3.254,42.333,-35.221,149.044,2025,11,Spring,FALSE,22,14,31,0,19.9,1002.2,TRUE,Belconnen Landfill Operations Contract,3.91,2,16,Fair
Florey,26-11-2025,0.027,17.162,8.038,43.667,-35.221,149.044,2025,11,Spring,FALSE,19.8,12,26,0,23.5,999.4,TRUE,Belconnen Landfill Operations Contract,3.91,2,16,Fair
Florey,27-11-2025,0.026,25.367,5.504,52.625,-35.221,149.044,2025,11,Spring,FALSE,18.4,11,24,0,23.8,1003.8,TRUE,Belconnen Landfill Operations Contract,3.91,2,16,Fair
Florey,28-11-2025,0.02,13.329,4.767,33.375,-35.221,149.044,2025,11,Spring,FALSE,18,5,27,0,16,1007.3,TRUE,Belconnen Landfill Operations Contract,3.91,2,16,Fair
Florey,29-11-2025,0.018,13.429,5.925,37.5,-35.221,149.044,2025,11,Spring,TRUE,17.2,12,22,1.8,16.7,1002.3,TRUE,Belconnen Landfill Operations Contract,3.91,2,16,Fair
Florey,30-11-2025,0.022,6.775,3.879,33.458,-35.221,149.044,2025,11,Spring,TRUE,12.9,7,18,0.7,19.5,1006.7,TRUE,Belconnen Landfill Operations Contract,3.91,2,16,Fair
Florey,01-12-2025,0.021,6.229,2.717,31.875,-35.221,149.044,2025,12,Summer,FALSE,12.2,8,18,2.1,24.2,1005.8,TRUE,Belconnen Landfill Operations Contract,3.91,2,16,Good
Florey,02-12-2025,0.014,6.087,3.95,22.208,-35.221,149.044,2025,12,Summer,FALSE,12.5,1,21,0,14,1011.9,TRUE,Belconnen Landfill Operations Contract,3.91,2,16,Good
Florey,03-12-2025,0.018,8.15,3.8,27.958,-35.221,149.044,2025,12,Summer,FALSE,16.5,4,27,0,12.3,1017.9,TRUE,Belconnen Landfill Operations Contract,3.91,2,16,Good
Florey,04-12-2025,0.022,11.688,5.467,38.333,-35.221,149.044,2025,12,Summer,FALSE,20.4,7,31,,14.2,1017.2,TRUE,Belconnen Landfill Operations Contract,3.91,2,16,Fair
Florey,05-12-2025,0.024,16.671,4.408,41.292,-35.221,149.044,2025,12,Summer,FALSE,25,13,35,,16.4,1013.1,TRUE,Belconnen Landfill Operations Contract,3.91,2,16,Fair
Florey,06-12-2025,0.032,19.888,2.325,49.75,-35.221,149.044,2025,12,Summer,TRUE,26.9,17,34,,24,1007.2,TRUE,Belconnen Landfill Operations Contract,3.91,2,16,Fair
Florey,07-12-2025,0.027,16.025,5.312,40.833,-35.221,149.044,2025,12,Summer,TRUE,19.1,11,26,,21.4,1010,TRUE,Belconnen Landfill Operations Contract,3.91,2,16,Fair
Florey,08-12-2025,0.024,14.212,5.271,37.208,-35.221,149.044,2025,12,Summer,FALSE,19,10,27,,14.7,1013.5,TRUE,Belconnen Landfill Operations Contract,3.91,2,16,Fair
Florey,09-12-2025,0.019,17.262,8.467,40.958,-35.221,149.044,2025,12,Summer,FALSE,20.6,8,33,,13.2,1014.9,TRUE,Belconnen Landfill Operations Contract,3.91,2,16,Fair
Florey,10-12-2025,0.026,16.75,6.533,40.958,-35.221,149.044,2025,12,Summer,FALSE,20,13,33,,14.8,1019.8,TRUE,Belconnen Landfill Operations Contract,3.91,2,16,Fair
Florey,11-12-2025,0.019,13.388,6.837,31.958,-35.221,149.044,2025,12,Summer,FALSE,17,11,24,,17.3,1020.9,TRUE,Belconnen Landfill Operations Contract,3.91,2,16,Good
Florey,12-12-2025,0.022,9.162,4.262,34.167,-35.221,149.044,2025,12,Summer,FALSE,17.3,14,23,,12.5,1018.1,TRUE,Belconnen Landfill Operations Contract,3.91,2,16,Fair
Florey,13-12-2025,0.02,7.029,5.496,33.75,-35.221,149.044,2025,12,Summer,TRUE,16.1,9,23,,10.4,1012,TRUE,Belconnen Landfill Operations Contract,3.91,2,16,Fair
Florey,14-12-2025,0.028,5.762,4.858,42.542,-35.221,149.044,2025,12,Summer,TRUE,19.7,13,27,,21.8,1007.2,TRUE,Belconnen Landfill Operations Contract,3.91,2,16,Fair
Florey,15-12-2025,0.022,11.45,6.483,35.667,-35.221,149.044,2025,12,Summer,FALSE,16.8,8,26,,13.6,1013.2,TRUE,Belconnen Landfill Operations Contract,3.91,2,16,Fair
Florey,16-12-2025,0.026,14.925,6.742,40.25,-35.221,149.044,2025,12,Summer,FALSE,17.9,13,25,,15.8,1021.2,TRUE,Belconnen Landfill Operations Contract,3.91,2,16,Fair
Florey,17-12-2025,0.028,12.171,6.6,43.75,-35.221,149.044,2025,12,Summer,FALSE,22.8,13,33,,12.6,1021.6,TRUE,Belconnen Landfill Operations Contract,3.91,2,16,Fair
Florey,18-12-2025,0.029,17.642,10.275,52.875,-35.221,149.044,2025,12,Summer,FALSE,26.5,15,37,,12.7,1016.1,TRUE,Belconnen Landfill Operations Contract,3.91,2,16,Fair
Florey,19-12-2025,0.024,19.217,9.883,51.708,-35.221,149.044,2025,12,Summer,FALSE,25,14,38,,11.5,1012.5,TRUE,Belconnen Landfill Operations Contract,3.91,2,16,Fair
Florey,20-12-2025,0.029,16.296,7.921,49.833,-35.221,149.044,2025,12,Summer,TRUE,23.2,17,33,,13,1009.8,TRUE,Belconnen Landfill Operations Contract,3.91,2,16,Fair
Florey,21-12-2025,0.021,9.517,8.425,43.25,-35.221,149.044,2025,12,Summer,TRUE,20.3,16,28,,9,1006,TRUE,Belconnen Landfill Operations Contract,3.91,2,16,Fair
Florey,22-12-2025,0.026,3.45,3.625,40.667,-35.221,149.044,2025,12,Summer,FALSE,20.9,14,27,,11.6,1006.3,TRUE,Belconnen Landfill Operations Contract,3.91,2,16,Fair
Florey,23-12-2025,0.025,6.342,5.075,38.417,-35.221,149.044,2025,12,Summer,FALSE,19.8,12,27,,16.8,1010.1,TRUE,Belconnen Landfill Operations Contract,3.91,2,16,Fair
Florey,24-12-2025,0.023,9.617,5.504,37.208,-35.221,149.044,2025,12,Summer,FALSE,19.3,9,28,,17.5,1011,TRUE,Belconnen Landfill Operations Contract,3.91,2,16,Fair
Florey,25-12-2025,0.02,9.333,6.262,32.667,-35.221,149.044,2025,12,Summer,FALSE,16.9,9,27,,14.8,1010.5,TRUE,Belconnen Landfill Operations Contract,3.91,2,16,Good
Florey,26-12-2025,0.02,11.767,4.604,30.583,-35.221,149.044,2025,12,Summer,FALSE,14.1,8,21,,16.8,1014.5,TRUE,Belconnen Landfill Operations Contract,3.91,2,16,Good
Florey,27-12-2025,0.02,8.962,4.121,29.875,-35.221,149.044,2025,12,Summer,TRUE,15.2,7,26,,12.8,1016.5,TRUE,Belconnen Landfill Operations Contract,3.91,2,16,Good
Florey,28-12-2025,0.019,11.242,4.525,29.417,-35.221,149.044,2025,12,Summer,TRUE,16.1,8,25,,17.1,1020,TRUE,Belconnen Landfill Operations Contract,3.91,2,16,Good
Florey,29-12-2025,0.019,10.892,4.254,30.375,-35.221,149.044,2025,12,Summer,FALSE,17.8,7,29,,10.5,1019.3,TRUE,Belconnen Landfill Operations Contract,3.91,2,16,Good
Florey,30-12-2025,0.021,11.562,4.175,33.208,-35.221,149.044,2025,12,Summer,FALSE,20.2,9,33,,12.3,1012.9,TRUE,Belconnen Landfill Operations Contract,3.91,2,16,Fair
Florey,31-12-2025,0.023,11.767,7.304,37.292,-35.221,149.044,2025,12,Summer,FALSE,19.4,14,27,,15.6,1010.5,TRUE,Belconnen Landfill Operations Contract,3.91,2,16,Fair
Florey,01-01-2026,0.019,7.646,4.217,24.043,-35.221,149.044,2026,1,Summer,FALSE,15.5,12,19,0,16.1,1015.6,TRUE,Belconnen Landfill Operations Contract,3.91,2,16,Good
Florey,02-01-2026,0.017,8.279,3.988,22,-35.221,149.044,2026,1,Summer,FALSE,15.8,6,26,0,12.3,1017.5,TRUE,Belconnen Landfill Operations Contract,3.91,2,16,Good
Florey,03-01-2026,0.025,8.217,3.754,32.826,-35.221,149.044,2026,1,Summer,TRUE,21.2,14,31,2.7,12.5,1013.9,TRUE,Belconnen Landfill Operations Contract,3.91,2,16,Good
Florey,04-01-2026,0.028,10.525,6.879,36.391,-35.221,149.044,2026,1,Summer,TRUE,19.6,13,30,3.7,11.6,1012,TRUE,Belconnen Landfill Operations Contract,3.91,2,16,Fair
Florey,05-01-2026,0.022,7.679,6.633,38.429,-35.221,149.044,2026,1,Summer,FALSE,19.4,10,32,4.4,11.5,1013,TRUE,Belconnen Landfill Operations Contract,3.91,2,16,Fair
Florey,06-01-2026,0.029,8.6,5.45,35.174,-35.221,149.044,2026,1,Summer,FALSE,22,12,32,0,11.1,1016.5,TRUE,Belconnen Landfill Operations Contract,3.91,2,16,Fair
Florey,07-01-2026,0.034,12.263,8.354,48.13,-35.221,149.044,2026,1,Summer,FALSE,26.6,16,37,0,10.2,1018.4,TRUE,Belconnen Landfill Operations Contract,3.91,2,16,Fair
Florey,08-01-2026,0.032,14.617,11.088,53.087,-35.221,149.044,2026,1,Summer,FALSE,28.2,17,38,0,12.1,1016.5,TRUE,Belconnen Landfill Operations Contract,3.91,2,16,Fair
Florey,09-01-2026,0.033,17.667,10.342,57.174,-35.221,149.044,2026,1,Summer,FALSE,29.3,18,38,0,18.9,1011.9,TRUE,Belconnen Landfill Operations Contract,3.91,2,16,Fair
Florey,10-01-2026,0.037,18.992,3.729,45.217,-35.221,149.044,2026,1,Summer,TRUE,29.3,23,36,0,30,1007,TRUE,Belconnen Landfill Operations Contract,3.91,2,16,Fair
Florey,11-01-2026,0.027,32.683,13.938,67.391,-35.221,149.044,2026,1,Summer,TRUE,18.2,14,23,0.3,19.1,1015.2,TRUE,Belconnen Landfill Operations Contract,3.91,2,16,Poor
Florey,12-01-2026,0.023,19.996,11.708,50,-35.221,149.044,2026,1,Summer,FALSE,18,12,25,0,16.6,1018.1,TRUE,Belconnen Landfill Operations Contract,3.91,2,16,Fair
Florey,13-01-2026,0.028,11.188,4.817,36.043,-35.221,149.044,2026,1,Summer,FALSE,22.6,17,32,0,9.1,1012,TRUE,Belconnen Landfill Operations Contract,3.91,2,16,Fair
Florey,14-01-2026,0.035,19.95,11.912,48.391,-35.221,149.044,2026,1,Summer,FALSE,21.8,16,31,3.3,12.9,1010.6,TRUE,Belconnen Landfill Operations Contract,3.91,2,16,Fair
Florey,15-01-2026,0.029,13.57,8.474,41.409,-35.221,149.044,2026,1,Summer,FALSE,20.8,17,27,1.6,15,1007.5,TRUE,Belconnen Landfill Operations Contract,3.91,2,16,Fair
Florey,16-01-2026,0.023,1.838,3.367,28.4,-35.221,149.044,2026,1,Summer,FALSE,18.5,12,25,1.4,25.5,1008,TRUE,Belconnen Landfill Operations Contract,3.91,2,16,Good
Florey,17-01-2026,0.021,3.458,0.567,26.609,-35.221,149.044,2026,1,Summer,TRUE,16.6,15,19,0.4,25.2,1014.7,TRUE,Belconnen Landfill Operations Contract,3.91,2,16,Good
Florey,18-01-2026,0.019,4.558,1.612,23.826,-35.221,149.044,2026,1,Summer,TRUE,16.4,13,21,1.9,22.8,1017,TRUE,Belconnen Landfill Operations Contract,3.91,2,16,Good
Florey,19-01-2026,0.018,7.812,2.863,22.826,-35.221,149.044,2026,1,Summer,FALSE,17,11,22,0,18.1,1016,TRUE,Belconnen Landfill Operations Contract,3.91,2,16,Good
Florey,20-01-2026,0.02,6.171,2.546,24.826,-35.221,149.044,2026,1,Summer,FALSE,18.8,13,25,0,13.5,1011.7,TRUE,Belconnen Landfill Operations Contract,3.91,2,16,Good
Florey,21-01-2026,0.025,10.025,4.65,33.261,-35.221,149.044,2026,1,Summer,FALSE,21,15,31,0,12.5,1006.8,TRUE,Belconnen Landfill Operations Contract,3.91,2,16,Fair
Florey,22-01-2026,0.024,12.429,7.546,33.174,-35.221,149.044,2026,1,Summer,FALSE,18.6,13,27,0,14.4,1009.4,TRUE,Belconnen Landfill Operations Contract,3.91,2,16,Fair
Florey,23-01-2026,0.023,12.013,5.142,30.478,-35.221,149.044,2026,1,Summer,FALSE,17.4,7,27,0,13.8,1017,TRUE,Belconnen Landfill Operations Contract,3.91,2,16,Good
Florey,24-01-2026,0.03,16.262,6.029,41.174,-35.221,149.044,2026,1,Summer,TRUE,22,12,35,0,14.8,1013.4,TRUE,Belconnen Landfill Operations Contract,3.91,2,16,Fair
Florey,25-01-2026,0.033,19.171,11.183,49.565,-35.221,149.044,2026,1,Summer,TRUE,25.8,13,37,0,11.5,1010,TRUE,Belconnen Landfill Operations Contract,3.91,2,16,Fair
Florey,26-01-2026,0.032,25.262,13.358,54.261,-35.221,149.044,2026,1,Summer,FALSE,21.8,15,30,0,13.8,1013.1,TRUE,Belconnen Landfill Operations Contract,3.91,2,16,Fair
Florey,27-01-2026,0.03,16.85,8.838,46.696,-35.221,149.044,2026,1,Summer,FALSE,22.9,11,35,0,9.8,1013.6,TRUE,Belconnen Landfill Operations Contract,3.91,2,16,Fair
Florey,28-01-2026,0.033,16.317,10.925,48.87,-35.221,149.044,2026,1,Summer,FALSE,27.3,15,42,0,11.2,1013.2,TRUE,Belconnen Landfill Operations Contract,3.91,2,16,Fair
Florey,29-01-2026,0.034,21.152,12.596,50.15,-35.221,149.044,2026,1,Summer,FALSE,24.1,18,33,0,13.5,1018.8,TRUE,Belconnen Landfill Operations Contract,3.91,2,16,Fair
Florey,30-01-2026,0.034,13.717,7.633,48.217,-35.221,149.044,2026,1,Summer,FALSE,27.8,19,40,0,16.7,1015.8,TRUE,Belconnen Landfill Operations Contract,3.91,2,16,Fair
Florey,31-01-2026,0.034,17.667,10.175,49.609,-35.221,149.044,2026,1,Summer,TRUE,29.6,18,41,0,13.7,1009.4,TRUE,Belconnen Landfill Operations Contract,3.91,2,16,Fair
Florey,01-02-2026,0.037,21.275,13.342,53.217,-35.221,149.044,2026,2,Summer,TRUE,24.5,17,30,2.5,15.5,1008,TRUE,Belconnen Landfill Operations Contract,3.91,2,16,Fair
Florey,02-02-2026,0.021,7.075,4.946,28.136,-35.221,149.044,2026,2,Summer,FALSE,15.6,9,23,1.3,23.1,1020.9,TRUE,Belconnen Landfill Operations Contract,3.91,2,16,Good
Florey,03-02-2026,0.018,10.592,4.988,23.348,-35.221,149.044,2026,2,Summer,FALSE,15.8,6,24,0,10.8,1024.5,TRUE,Belconnen Landfill Operations Contract,3.91,2,16,Good
Florey,04-02-2026,0.023,12.025,5.862,33.696,-35.221,149.044,2026,2,Summer,FALSE,21.7,10,32,0,11.2,1019.2,TRUE,Belconnen Landfill Operations Contract,3.91,2,16,Fair
Florey,05-02-2026,0.028,16.717,8.508,40.739,-35.221,149.044,2026,2,Summer,FALSE,24.1,14,36,0,11.3,1018,TRUE,Belconnen Landfill Operations Contract,3.91,2,16,Fair
Florey,06-02-2026,0.032,19.175,7.979,42.87,-35.221,149.044,2026,2,Summer,FALSE,23.3,11,36,0,14.2,1019,TRUE,Belconnen Landfill Operations Contract,3.91,2,16,Fair
Florey,07-02-2026,0.026,15.4,7.779,42.261,-35.221,149.044,2026,2,Summer,TRUE,23.8,14,35,0,14,1018.5,TRUE,Belconnen Landfill Operations Contract,3.91,2,16,Fair
Florey,08-02-2026,0.027,12.325,5.896,32.913,-35.221,149.044,2026,2,Summer,TRUE,18.3,17,20,6,7.5,1017.8,TRUE,Belconnen Landfill Operations Contract,3.91,2,16,Good
Florey,09-02-2026,0.026,6.933,8.408,37.87,-35.221,149.044,2026,2,Summer,FALSE,22,18,29,1.5,9.7,1014.2,TRUE,Belconnen Landfill Operations Contract,3.91,2,16,Fair
Florey,10-02-2026,0.028,8.046,9.392,47.304,-35.221,149.044,2026,2,Summer,FALSE,22.3,15,31,0.1,10.8,1015,TRUE,Belconnen Landfill Operations Contract,3.91,2,16,Fair
Florey,11-02-2026,0.03,8.162,8.471,46.261,-35.221,149.044,2026,2,Summer,FALSE,24.1,15.5,32.8,0,12.6,1008.8,TRUE,Belconnen Landfill Operations Contract,3.91,2,16,Fair
Florey,12-02-2026,0.033,9.971,7.812,39.565,-35.221,149.044,2026,2,Summer,FALSE,19.7,14,22.6,,13.9,1004.5,TRUE,Belconnen Landfill Operations Contract,3.91,2,16,Fair
Florey,13-02-2026,0.022,9.217,6.258,27.826,-35.221,149.044,2026,2,Summer,FALSE,16.7,12,23,,9.3,1017.1,TRUE,Belconnen Landfill Operations Contract,3.91,2,16,Good
Florey,14-02-2026,0.021,11.188,6.692,27.696,-35.221,149.044,2026,2,Summer,TRUE,16.9,12,22,,8.4,1021.5,TRUE,Belconnen Landfill Operations Contract,3.91,2,16,Good
Florey,15-02-2026,0.017,6.238,4.358,23.217,-35.221,149.044,2026,2,Summer,TRUE,17.8,10,25,,8,1020.3,TRUE,Belconnen Landfill Operations Contract,3.91,2,16,Good
Florey,16-02-2026,0.018,4.804,2.538,23.043,-35.221,149.044,2026,2,Summer,FALSE,18.8,13,25,,11.4,1017.8,TRUE,Belconnen Landfill Operations Contract,3.91,2,16,Good
Florey,17-02-2026,0.022,7.254,3.871,29.348,-35.221,149.044,2026,2,Summer,FALSE,20.6,11,29,,11.4,1012,TRUE,Belconnen Landfill Operations Contract,3.91,2,16,Good
Florey,18-02-2026,0.027,11.908,5.788,40.182,-35.221,149.044,2026,2,Summer,FALSE,24.5,18,30,,21,1008.6,TRUE,Belconnen Landfill Operations Contract,3.91,2,16,Fair
Florey,19-02-2026,0.026,13.826,5.67,37.81,-35.221,149.044,2026,2,Summer,FALSE,20.5,12,32,,12.3,1015.2,TRUE,Belconnen Landfill Operations Contract,3.91,2,16,Fair
Florey,20-02-2026,0.03,13.162,3.917,40.087,-35.221,149.044,2026,2,Summer,FALSE,23.5,18,33,,11.7,1016,TRUE,Belconnen Landfill Operations Contract,3.91,2,16,Fair
Florey,21-02-2026,0.03,14.758,9.246,45,-35.221,149.044,2026,2,Summer,TRUE,23.5,16,33,,11,1012.9,TRUE,Belconnen Landfill Operations Contract,3.91,2,16,Fair
Florey,22-02-2026,0.031,14.533,8.608,40.87,-35.221,149.044,2026,2,Summer,TRUE,20.8,17,27,,12.8,1011.4,TRUE,Belconnen Landfill Operations Contract,3.91,2,16,Fair
Florey,23-02-2026,0.02,6.6,7.05,37.19,-35.221,149.044,2026,2,Summer,FALSE,21.9,18,31,,8.7,1013.2,TRUE,Belconnen Landfill Operations Contract,3.91,2,16,Fair
Florey,24-02-2026,0.031,6.996,4.129,39.043,-35.221,149.044,2026,2,Summer,FALSE,24.7,18,32,,6.3,1016.7,TRUE,Belconnen Landfill Operations Contract,3.91,2,16,Fair
Florey,25-02-2026,0.029,12.175,10.146,45.348,-35.221,149.044,2026,2,Summer,FALSE,21.8,18,30,,6,1016.4,TRUE,Belconnen Landfill Operations Contract,3.91,2,16,Fair
Florey,26-02-2026,0.021,3.929,3.3,26.435,-35.221,149.044,2026,2,Summer,FALSE,19.2,17,23,,8.6,1020.4,TRUE,Belconnen Landfill Operations Contract,3.91,2,16,Good
Florey,27-02-2026,0.019,4.293,2.192,24.087,-35.221,149.044,2026,2,Summer,FALSE,19,16,23,,9,1020.3,TRUE,Belconnen Landfill Operations Contract,3.91,2,16,Good
Florey,28-02-2026,0.02,4.087,2.256,24.957,-35.221,149.044,2026,2,Summer,TRUE,19.4,16,24.4,,12.4,1018.9,TRUE,Belconnen Landfill Operations Contract,3.91,2,16,Good
Florey,01-03-2026,0.02,8.766,3.471,25.217,-35.221,149.044,2026,3,Autumn,TRUE,19.2,15.6,23.3,,11.5,1015.8,TRUE,Belconnen Landfill Operations Contract,3.91,2,16,Good
Florey,02-03-2026,0.012,8.039,4.602,20.826,-35.221,149.044,2026,3,Autumn,FALSE,20.2,16.7,24,,8.6,1012.2,TRUE,Belconnen Landfill Operations Contract,3.91,2,16,Good
Florey,03-03-2026,0.018,5.744,3.389,23.13,-35.221,149.044,2026,3,Autumn,FALSE,21.2,18.2,24.8,,10,1011.8,TRUE,Belconnen Landfill Operations Contract,3.91,2,16,Good
Florey,04-03-2026,0.021,5.293,3.244,26.818,-35.221,149.044,2026,3,Autumn,FALSE,22.2,17.9,27.9,,10.9,1012,TRUE,Belconnen Landfill Operations Contract,3.91,2,16,Good
Florey,05-03-2026,0.017,8.211,5.735,28.087,-35.221,149.044,2026,3,Autumn,FALSE,22.5,17.3,29.2,,12,1011.9,TRUE,Belconnen Landfill Operations Contract,3.91,2,16,Good
Florey,06-03-2026,0.013,8.526,7.217,30.632,-35.221,149.044,2026,3,Autumn,FALSE,21.3,16.1,27.6,,11,1013.3,TRUE,Belconnen Landfill Operations Contract,3.91,2,16,Good
Monash,01-01-2025,0.028,12.312,4.721,43.417,-35.418,149.094,2025,1,Summer,FALSE,22.4,17.5,32.3,0,14.8,1012,TRUE,INTEGRATED FOREST PRODUCTS (Receivers & Managers Appointed),5.158,0,10,Fair
Monash,02-01-2025,0.021,14.196,6.733,33.542,-35.418,149.094,2025,1,Summer,FALSE,16.9,14.7,22.9,0,16.8,1017.5,TRUE,INTEGRATED FOREST PRODUCTS (Receivers & Managers Appointed),5.158,0,10,Fair
Monash,03-01-2025,0.024,8.471,5.342,37.75,-35.418,149.094,2025,1,Summer,FALSE,20.9,13.7,31,0,12.7,1018.4,TRUE,INTEGRATED FOREST PRODUCTS (Receivers & Managers Appointed),5.158,0,10,Fair
Monash,04-01-2025,0.028,17.2,6.783,46.792,-35.418,149.094,2025,1,Summer,TRUE,24.9,12.3,33.5,0,12.7,1015.8,TRUE,INTEGRATED FOREST PRODUCTS (Receivers & Managers Appointed),5.158,0,10,Fair
Monash,05-01-2025,0.034,11.475,6.804,52.708,-35.418,149.094,2025,1,Summer,TRUE,24.4,14.9,36.4,0,14.1,1015.4,TRUE,INTEGRATED FOREST PRODUCTS (Receivers & Managers Appointed),5.158,0,10,Fair
Monash,06-01-2025,0.03,11.4,5.004,46.542,-35.418,149.094,2025,1,Summer,FALSE,22.7,13.1,34.4,5.1,10.7,1014.8,TRUE,INTEGRATED FOREST PRODUCTS (Receivers & Managers Appointed),5.158,0,10,Fair
Monash,07-01-2025,0.019,10.971,4.608,29.417,-35.418,149.094,2025,1,Summer,FALSE,15.4,14.1,21.3,0,18.1,1018.7,TRUE,INTEGRATED FOREST PRODUCTS (Receivers & Managers Appointed),5.158,0,10,Good
Monash,08-01-2025,0.02,4.979,4.042,30.625,-35.418,149.094,2025,1,Summer,FALSE,17.1,6.6,23.1,0,18.9,1019.2,TRUE,INTEGRATED FOREST PRODUCTS (Receivers & Managers Appointed),5.158,0,10,Good
Monash,09-01-2025,0.019,11.654,4.467,29.542,-35.418,149.094,2025,1,Summer,FALSE,20.4,11.3,28.2,0,14.6,1015.8,TRUE,INTEGRATED FOREST PRODUCTS (Receivers & Managers Appointed),5.158,0,10,Good
Monash,10-01-2025,0.017,8.596,0.675,25.833,-35.418,149.094,2025,1,Summer,FALSE,19.1,14.1,24.5,12.2,12.1,1015.3,TRUE,INTEGRATED FOREST PRODUCTS (Receivers & Managers Appointed),5.158,0,10,Good
Monash,11-01-2025,0.014,6.35,1.479,25.083,-35.418,149.094,2025,1,Summer,TRUE,20.5,15.9,27.4,4.3,13.6,1012.6,TRUE,INTEGRATED FOREST PRODUCTS (Receivers & Managers Appointed),5.158,0,10,Good
Monash,12-01-2025,0.021,5.842,3.496,32.417,-35.418,149.094,2025,1,Summer,TRUE,20.8,16.6,30.3,17.3,11.3,1008.9,TRUE,INTEGRATED FOREST PRODUCTS (Receivers & Managers Appointed),5.158,0,10,Good
Monash,13-01-2025,0.03,4.8,5.183,45.333,-35.418,149.094,2025,1,Summer,FALSE,23.4,13.2,32.9,6.1,11.3,1006.4,TRUE,INTEGRATED FOREST PRODUCTS (Receivers & Managers Appointed),5.158,0,10,Fair
Monash,14-01-2025,0.037,10.742,4.775,57.542,-35.418,149.094,2025,1,Summer,FALSE,24.1,17.2,32.6,0.3,12.9,1006.4,TRUE,INTEGRATED FOREST PRODUCTS (Receivers & Managers Appointed),5.158,0,10,Fair
Monash,15-01-2025,0.038,14.888,6.446,58.833,-35.418,149.094,2025,1,Summer,FALSE,21.5,17.2,35.9,17.8,12.6,1000.2,TRUE,INTEGRATED FOREST PRODUCTS (Receivers & Managers Appointed),5.158,0,10,Fair
Monash,16-01-2025,0.024,7.396,5.842,37,-35.418,149.094,2025,1,Summer,FALSE,16.8,14.8,24.8,0,23.4,1003.3,TRUE,INTEGRATED FOREST PRODUCTS (Receivers & Managers Appointed),5.158,0,10,Fair
Monash,17-01-2025,0.02,9.233,6.621,30.667,-35.418,149.094,2025,1,Summer,FALSE,18.4,9.7,25.5,0,27.7,1012.8,TRUE,INTEGRATED FOREST PRODUCTS (Receivers & Managers Appointed),5.158,0,10,Good
Monash,18-01-2025,0.019,11.038,4.425,29,-35.418,149.094,2025,1,Summer,TRUE,18.1,13.2,23.3,0,27.4,1019,TRUE,INTEGRATED FOREST PRODUCTS (Receivers & Managers Appointed),5.158,0,10,Good
Monash,19-01-2025,0.019,6.971,2.912,29.458,-35.418,149.094,2025,1,Summer,TRUE,16.8,13.6,25.1,0,16.9,1017.3,TRUE,INTEGRATED FOREST PRODUCTS (Receivers & Managers Appointed),5.158,0,10,Good
Monash,20-01-2025,0.022,16.229,5.417,37,-35.418,149.094,2025,1,Summer,FALSE,20.3,8.3,29.8,0,8,1011.1,TRUE,INTEGRATED FOREST PRODUCTS (Receivers & Managers Appointed),5.158,0,10,Fair
Monash,21-01-2025,0.021,17.988,6.708,43.292,-35.418,149.094,2025,1,Summer,FALSE,22.9,12.7,32.1,0,9.3,1008.2,TRUE,INTEGRATED FOREST PRODUCTS (Receivers & Managers Appointed),5.158,0,10,Fair
Monash,22-01-2025,0.025,19.2,8.317,43.875,-35.418,149.094,2025,1,Summer,FALSE,20.9,14.5,32.7,0,12.1,1005.7,TRUE,INTEGRATED FOREST PRODUCTS (Receivers & Managers Appointed),5.158,0,10,Fair
Monash,23-01-2025,0.019,12.492,7.471,34.208,-35.418,149.094,2025,1,Summer,FALSE,17.2,12.4,20.5,7.6,14,1009.1,TRUE,INTEGRATED FOREST PRODUCTS (Receivers & Managers Appointed),5.158,0,10,Fair
Monash,24-01-2025,0.02,8.567,3.267,32.208,-35.418,149.094,2025,1,Summer,FALSE,18.3,13.3,25.2,0,11.7,1006.3,TRUE,INTEGRATED FOREST PRODUCTS (Receivers & Managers Appointed),5.158,0,10,Good
Monash,25-01-2025,0.022,9.154,5.079,33.875,-35.418,149.094,2025,1,Summer,TRUE,20.7,10.7,29.1,0,9.4,1011.5,TRUE,INTEGRATED FOREST PRODUCTS (Receivers & Managers Appointed),5.158,0,10,Fair
Monash,26-01-2025,0.022,11.121,6.117,35.542,-35.418,149.094,2025,1,Summer,TRUE,21.1,12.8,26.7,0,15.1,1012.8,TRUE,INTEGRATED FOREST PRODUCTS (Receivers & Managers Appointed),5.158,0,10,Fair
Monash,27-01-2025,0.029,10.425,5.042,44.75,-35.418,149.094,2025,1,Summer,FALSE,26.3,17.8,36.3,0,14,1010.3,TRUE,INTEGRATED FOREST PRODUCTS (Receivers & Managers Appointed),5.158,0,10,Fair
Monash,28-01-2025,0.035,23.433,9.504,56.708,-35.418,149.094,2025,1,Summer,FALSE,23.4,16.4,37.5,0,19.5,1010.1,TRUE,INTEGRATED FOREST PRODUCTS (Receivers & Managers Appointed),5.158,0,10,Fair
Monash,29-01-2025,0.022,23.242,11.9,55.292,-35.418,149.094,2025,1,Summer,FALSE,19.3,14.8,27.8,0,16.1,1013.9,TRUE,INTEGRATED FOREST PRODUCTS (Receivers & Managers Appointed),5.158,0,10,Fair
Monash,30-01-2025,0.023,13.467,5.175,35.208,-35.418,149.094,2025,1,Summer,FALSE,19.8,10.9,27,0,12.8,1011.8,TRUE,INTEGRATED FOREST PRODUCTS (Receivers & Managers Appointed),5.158,0,10,Fair
Monash,31-01-2025,0.021,8.358,3.958,32.625,-35.418,149.094,2025,1,Summer,FALSE,19.5,14.8,26.7,0,13.1,1016.2,TRUE,INTEGRATED FOREST PRODUCTS (Receivers & Managers Appointed),5.158,0,10,Good
Monash,01-02-2025,0.022,6.558,2.962,33.875,-35.418,149.094,2025,2,Summer,TRUE,22.2,12.3,30.1,0,14.9,1019.4,TRUE,INTEGRATED FOREST PRODUCTS (Receivers & Managers Appointed),5.158,0,10,Fair
Monash,02-02-2025,0.027,9.283,5.525,41.667,-35.418,149.094,2025,2,Summer,TRUE,21.9,17.6,33.1,0,13.9,1018,TRUE,INTEGRATED FOREST PRODUCTS (Receivers & Managers Appointed),5.158,0,10,Fair
Monash,03-02-2025,0.027,11.45,5.567,42.208,-35.418,149.094,2025,2,Summer,FALSE,23.7,10.6,34.1,0,12,1015.6,TRUE,INTEGRATED FOREST PRODUCTS (Receivers & Managers Appointed),5.158,0,10,Fair
Monash,04-02-2025,0.03,12.683,5.812,45.667,-35.418,149.094,2025,2,Summer,FALSE,27.1,13.4,35.7,0,10,1011.6,TRUE,INTEGRATED FOREST PRODUCTS (Receivers & Managers Appointed),5.158,0,10,Fair
Monash,05-02-2025,0.033,13.033,6.958,51.708,-35.418,149.094,2025,2,Summer,FALSE,21.1,17.9,34.4,4.6,11.2,1010.9,TRUE,INTEGRATED FOREST PRODUCTS (Receivers & Managers Appointed),5.158,0,10,Fair
Monash,06-02-2025,0.027,15.5,6.175,50.375,-35.418,149.094,2025,2,Summer,FALSE,23.5,15.5,33.4,0,10.7,1012.8,TRUE,INTEGRATED FOREST PRODUCTS (Receivers & Managers Appointed),5.158,0,10,Fair
Monash,07-02-2025,0.033,18.775,7.532,55.75,-35.418,149.094,2025,2,Summer,FALSE,24.7,14,35.4,5.8,13.4,1009.7,TRUE,INTEGRATED FOREST PRODUCTS (Receivers & Managers Appointed),5.158,0,10,Fair
Monash,08-02-2025,0.034,17.121,4.411,53.458,-35.418,149.094,2025,2,Summer,TRUE,21.5,17,31.3,0,12.3,1008.4,TRUE,INTEGRATED FOREST PRODUCTS (Receivers & Managers Appointed),5.158,0,10,Fair
Monash,09-02-2025,0.031,6.908,3.533,47.417,-35.418,149.094,2025,2,Summer,TRUE,19.8,14.2,29.1,16.8,9.7,1010,TRUE,INTEGRATED FOREST PRODUCTS (Receivers & Managers Appointed),5.158,0,10,Fair
Monash,10-02-2025,0.03,3.979,2.9,46.875,-35.418,149.094,2025,2,Summer,FALSE,18.2,15.6,26,1.5,14.9,1011.2,TRUE,INTEGRATED FOREST PRODUCTS (Receivers & Managers Appointed),5.158,0,10,Fair
Monash,11-02-2025,0.027,5.206,2.342,42.208,-35.418,149.094,2025,2,Summer,FALSE,19.3,11.8,25.6,0.8,8.7,1011.1,TRUE,INTEGRATED FOREST PRODUCTS (Receivers & Managers Appointed),5.158,0,10,Fair
Monash,12-02-2025,0.02,1.55,1.2,31.167,-35.418,149.094,2025,2,Summer,FALSE,21.6,11.7,28.1,0,13.2,1012.5,TRUE,INTEGRATED FOREST PRODUCTS (Receivers & Managers Appointed),5.158,0,10,Good
Monash,13-02-2025,0.03,5.225,1.787,46.792,-35.418,149.094,2025,2,Summer,FALSE,23.7,16.4,30.2,9.9,14.5,1009.6,TRUE,INTEGRATED FOREST PRODUCTS (Receivers & Managers Appointed),5.158,0,10,Fair
Monash,14-02-2025,0.031,14.088,4.062,48,-35.418,149.094,2025,2,Summer,FALSE,18.6,16.9,25.7,7.6,12.8,1004.8,TRUE,INTEGRATED FOREST PRODUCTS (Receivers & Managers Appointed),5.158,0,10,Fair
Monash,15-02-2025,0.019,8.638,5.192,29.083,-35.418,149.094,2025,2,Summer,TRUE,13.7,13.5,22.1,0,19.7,1003.1,TRUE,INTEGRATED FOREST PRODUCTS (Receivers & Managers Appointed),5.158,0,10,Good
Monash,16-02-2025,0.018,3.275,4.725,26.917,-35.418,149.094,2025,2,Summer,TRUE,12.6,3.2,19.7,0,12.6,1010.3,TRUE,INTEGRATED FOREST PRODUCTS (Receivers & Managers Appointed),5.158,0,10,Good
Monash,17-02-2025,0.02,7.3,4.633,30.917,-35.418,149.094,2025,2,Summer,FALSE,14.4,4.1,24,0,11.4,1017.1,TRUE,INTEGRATED FOREST PRODUCTS (Receivers & Managers Appointed),5.158,0,10,Good
Monash,18-02-2025,0.017,9.604,4.087,29.875,-35.418,149.094,2025,2,Summer,FALSE,17.4,5.6,26.6,0,9.1,1013.4,TRUE,INTEGRATED FOREST PRODUCTS (Receivers & Managers Appointed),5.158,0,10,Good
Monash,19-02-2025,0.026,13.513,5.521,40.875,-35.418,149.094,2025,2,Summer,FALSE,18.7,10.2,26.6,0,12.3,1013.3,TRUE,INTEGRATED FOREST PRODUCTS (Receivers & Managers Appointed),5.158,0,10,Fair
Monash,20-02-2025,0.022,10.742,6.004,33.5,-35.418,149.094,2025,2,Summer,FALSE,17.1,13.9,24.4,0,11.8,1018.7,TRUE,INTEGRATED FOREST PRODUCTS (Receivers & Managers Appointed),5.158,0,10,Fair
Monash,21-02-2025,0.024,11.333,5.575,37.5,-35.418,149.094,2025,2,Summer,FALSE,20.7,7.2,27.7,0,11.3,1023,TRUE,INTEGRATED FOREST PRODUCTS (Receivers & Managers Appointed),5.158,0,10,Fair
Monash,22-02-2025,0.029,11.138,3.167,45.208,-35.418,149.094,2025,2,Summer,TRUE,21.7,16.4,30.5,0,9.2,1021,TRUE,INTEGRATED FOREST PRODUCTS (Receivers & Managers Appointed),5.158,0,10,Fair
Monash,23-02-2025,0.027,11.829,5.546,41.542,-35.418,149.094,2025,2,Summer,TRUE,21.8,12.6,28.3,0.3,11.9,1017.1,TRUE,INTEGRATED FOREST PRODUCTS (Receivers & Managers Appointed),5.158,0,10,Fair
Monash,24-02-2025,0.027,14.288,5.417,42.25,-35.418,149.094,2025,2,Summer,FALSE,22.2,14.3,33.2,0,13.6,1017.5,TRUE,INTEGRATED FOREST PRODUCTS (Receivers & Managers Appointed),5.158,0,10,Fair
Monash,25-02-2025,0.025,8.233,5.35,38.667,-35.418,149.094,2025,2,Summer,FALSE,19.1,15.5,24.8,0,16.2,1023.3,TRUE,INTEGRATED FOREST PRODUCTS (Receivers & Managers Appointed),5.158,0,10,Fair
Monash,26-02-2025,0.028,8.083,4.587,42.417,-35.418,149.094,2025,2,Summer,FALSE,23.3,15.4,32.9,0,9.4,1019.3,TRUE,INTEGRATED FOREST PRODUCTS (Receivers & Managers Appointed),5.158,0,10,Fair
Monash,27-02-2025,0.029,18.571,7.225,50.625,-35.418,149.094,2025,2,Summer,FALSE,24.7,16,35.1,0,10.7,1015.1,TRUE,INTEGRATED FOREST PRODUCTS (Receivers & Managers Appointed),5.158,0,10,Fair
Monash,28-02-2025,0.028,20.083,9.3,47.208,-35.418,149.094,2025,2,Summer,FALSE,25.3,15.7,32.8,0,12.1,1013.6,TRUE,INTEGRATED FOREST PRODUCTS (Receivers & Managers Appointed),5.158,0,10,Fair
Monash,01-03-2025,0.026,12.825,6.158,40.292,-35.418,149.094,2025,3,Autumn,TRUE,23.2,9.8,34.1,0,10.7,1015,TRUE,INTEGRATED FOREST PRODUCTS (Receivers & Managers Appointed),5.158,0,10,Fair
Monash,02-03-2025,0.022,14.646,6.121,37.333,-35.418,149.094,2025,3,Autumn,TRUE,20.7,14.5,34.2,0,11,1013.6,TRUE,INTEGRATED FOREST PRODUCTS (Receivers & Managers Appointed),5.158,0,10,Fair
Monash,03-03-2025,0.021,9.096,4.342,33.042,-35.418,149.094,2025,3,Autumn,FALSE,18.7,10.4,26.9,0,13.9,1018.9,TRUE,INTEGRATED FOREST PRODUCTS (Receivers & Managers Appointed),5.158,0,10,Fair
Monash,04-03-2025,0.021,7.288,4.583,31.542,-35.418,149.094,2025,3,Autumn,FALSE,16.4,9.8,25.5,0,16.6,1022.3,TRUE,INTEGRATED FOREST PRODUCTS (Receivers & Managers Appointed),5.158,0,10,Good
Monash,05-03-2025,0.018,10.8,4.158,27.917,-35.418,149.094,2025,3,Autumn,FALSE,19.3,7.3,28.1,0,12.1,1021.3,TRUE,INTEGRATED FOREST PRODUCTS (Receivers & Managers Appointed),5.158,0,10,Good
Monash,06-03-2025,0.016,16.906,3.879,33.792,-35.418,149.094,2025,3,Autumn,FALSE,18.1,11.8,27,0,17.6,1021.4,TRUE,INTEGRATED FOREST PRODUCTS (Receivers & Managers Appointed),5.158,0,10,Fair
Monash,07-03-2025,0.018,,3.217,28.542,-35.418,149.094,2025,3,Autumn,FALSE,17.8,9.9,24.5,0,16.9,1022.1,TRUE,INTEGRATED FOREST PRODUCTS (Receivers & Managers Appointed),5.158,0,10,Good
Monash,08-03-2025,0.02,,0.917,30.375,-35.418,149.094,2025,3,Autumn,TRUE,19.1,11.6,27.7,0,15.7,1022.7,TRUE,INTEGRATED FOREST PRODUCTS (Receivers & Managers Appointed),5.158,0,10,Good
Monash,09-03-2025,0.018,,1.179,28.167,-35.418,149.094,2025,3,Autumn,TRUE,20.7,11.8,29.6,0,11.8,1021.5,TRUE,INTEGRATED FOREST PRODUCTS (Receivers & Managers Appointed),5.158,0,10,Good
Monash,10-03-2025,0.021,,2.392,32.542,-35.418,149.094,2025,3,Autumn,FALSE,20.3,13.4,31.3,22.1,8.7,1019.5,TRUE,INTEGRATED FOREST PRODUCTS (Receivers & Managers Appointed),5.158,0,10,Good
Monash,11-03-2025,0.023,,5.533,34.75,-35.418,149.094,2025,3,Autumn,FALSE,18.9,14.7,26.4,0,14.2,1021.2,TRUE,INTEGRATED FOREST PRODUCTS (Receivers & Managers Appointed),5.158,0,10,Fair
Monash,12-03-2025,0.019,,6.8,33.542,-35.418,149.094,2025,3,Autumn,FALSE,19.7,12.3,27.3,0,7.6,1021.1,TRUE,INTEGRATED FOREST PRODUCTS (Receivers & Managers Appointed),5.158,0,10,Fair
Monash,13-03-2025,0.015,,3.204,26.75,-35.418,149.094,2025,3,Autumn,FALSE,20.7,13,31.5,6.1,9.5,1018.5,TRUE,INTEGRATED FOREST PRODUCTS (Receivers & Managers Appointed),5.158,0,10,Good
Monash,14-03-2025,0.021,,5.829,38.125,-35.418,149.094,2025,3,Autumn,FALSE,23.2,14.3,33.2,0.3,9.4,1018.8,TRUE,INTEGRATED FOREST PRODUCTS (Receivers & Managers Appointed),5.158,0,10,Fair
Monash,15-03-2025,0.027,,7.538,44.25,-35.418,149.094,2025,3,Autumn,TRUE,23.6,12.6,34.6,0,9,1018.2,TRUE,INTEGRATED FOREST PRODUCTS (Receivers & Managers Appointed),5.158,0,10,Fair
Monash,16-03-2025,0.021,,8.846,44.583,-35.418,149.094,2025,3,Autumn,TRUE,20.2,14.8,33.1,0,20.8,1009.8,TRUE,INTEGRATED FOREST PRODUCTS (Receivers & Managers Appointed),5.158,0,10,Fair
Monash,17-03-2025,0.024,,4.946,35.458,-35.418,149.094,2025,3,Autumn,FALSE,12.6,7.2,21.3,0,18.9,1017.7,TRUE,INTEGRATED FOREST PRODUCTS (Receivers & Managers Appointed),5.158,0,10,Fair
Monash,18-03-2025,0.02,,3.363,30.875,-35.418,149.094,2025,3,Autumn,FALSE,15.9,4.5,24.6,0,9.9,1021.8,TRUE,INTEGRATED FOREST PRODUCTS (Receivers & Managers Appointed),5.158,0,10,Good
Monash,19-03-2025,0.022,,5.246,35.792,-35.418,149.094,2025,3,Autumn,FALSE,21.7,8.6,30,0,9.9,1019.5,TRUE,INTEGRATED FOREST PRODUCTS (Receivers & Managers Appointed),5.158,0,10,Fair
Monash,20-03-2025,0.026,,7.394,40.625,-35.418,149.094,2025,3,Autumn,FALSE,22.7,13.3,29.1,5.3,9.9,1017.3,TRUE,INTEGRATED FOREST PRODUCTS (Receivers & Managers Appointed),5.158,0,10,Fair
Monash,21-03-2025,0.019,,,29.75,-35.418,149.094,2025,3,Autumn,FALSE,19.2,16.4,27.5,0.5,11,1014.1,TRUE,INTEGRATED FOREST PRODUCTS (Receivers & Managers Appointed),5.158,0,10,Good
Monash,22-03-2025,0.028,,,43.333,-35.418,149.094,2025,3,Autumn,TRUE,20.1,12.6,27.1,0,9.4,1016.6,TRUE,INTEGRATED FOREST PRODUCTS (Receivers & Managers Appointed),5.158,0,10,Fair
Monash,23-03-2025,0.024,,,36.667,-35.418,149.094,2025,3,Autumn,TRUE,18.6,15.6,25.8,0,8.9,1019.7,TRUE,INTEGRATED FOREST PRODUCTS (Receivers & Managers Appointed),5.158,0,10,Fair
Monash,24-03-2025,0.033,,,50.292,-35.418,149.094,2025,3,Autumn,FALSE,21.7,12.8,30.7,0,7.2,1019.1,TRUE,INTEGRATED FOREST PRODUCTS (Receivers & Managers Appointed),5.158,0,10,Fair
Monash,25-03-2025,0.028,,,42.625,-35.418,149.094,2025,3,Autumn,FALSE,20.4,14.5,28.2,0,11.7,1021.6,TRUE,INTEGRATED FOREST PRODUCTS (Receivers & Managers Appointed),5.158,0,10,Fair
Monash,26-03-2025,0.023,,,35.25,-35.418,149.094,2025,3,Autumn,FALSE,20.1,14.2,30.3,0,10.7,1021.1,TRUE,INTEGRATED FOREST PRODUCTS (Receivers & Managers Appointed),5.158,0,10,Fair
Monash,27-03-2025,0.02,,,30.25,-35.418,149.094,2025,3,Autumn,FALSE,18.6,11.6,26.9,0,11.8,1022.6,TRUE,INTEGRATED FOREST PRODUCTS (Receivers & Managers Appointed),5.158,0,10,Good
Monash,28-03-2025,0.022,,,33.125,-35.418,149.094,2025,3,Autumn,FALSE,17.4,14,24.4,13.5,12.7,1021.5,TRUE,INTEGRATED FOREST PRODUCTS (Receivers & Managers Appointed),5.158,0,10,Fair
Monash,29-03-2025,0.018,,,27.833,-35.418,149.094,2025,3,Autumn,TRUE,17.3,15.1,18.1,7.1,13.6,1013,TRUE,INTEGRATED FOREST PRODUCTS (Receivers & Managers Appointed),5.158,0,10,Good
Monash,30-03-2025,0.026,,,39.375,-35.418,149.094,2025,3,Autumn,TRUE,17.7,16.3,22.6,0.3,23.5,1011.8,TRUE,INTEGRATED FOREST PRODUCTS (Receivers & Managers Appointed),5.158,0,10,Fair
Monash,31-03-2025,0.024,,,36.667,-35.418,149.094,2025,3,Autumn,FALSE,15.7,13.8,21.5,0,31.4,1014,TRUE,INTEGRATED FOREST PRODUCTS (Receivers & Managers Appointed),5.158,0,10,Fair
Monash,01-04-2025,0.022,,,34.5,-35.418,149.094,2025,4,Autumn,FALSE,12.9,9.4,21.8,0,20,1015.3,TRUE,INTEGRATED FOREST PRODUCTS (Receivers & Managers Appointed),5.158,0,10,Fair
Monash,02-04-2025,0.02,,,30.333,-35.418,149.094,2025,4,Autumn,FALSE,14.1,3.7,23.7,0,7,1011,TRUE,INTEGRATED FOREST PRODUCTS (Receivers & Managers Appointed),5.158,0,10,Good
Monash,03-04-2025,0.017,,,27.208,-35.418,149.094,2025,4,Autumn,FALSE,14.6,5.6,24,0,7,1011.4,TRUE,INTEGRATED FOREST PRODUCTS (Receivers & Managers Appointed),5.158,0,10,Good
Monash,04-04-2025,0.023,,,35.583,-35.418,149.094,2025,4,Autumn,FALSE,15.5,6.1,22.6,0,8.8,1015.5,TRUE,INTEGRATED FOREST PRODUCTS (Receivers & Managers Appointed),5.158,0,10,Fair
Monash,05-04-2025,0.03,,,45.917,-35.418,149.094,2025,4,Autumn,TRUE,11.9,10.6,23.1,0,18.2,1015.4,TRUE,INTEGRATED FOREST PRODUCTS (Receivers & Managers Appointed),5.158,0,10,Fair
Monash,06-04-2025,0.019,,,28.958,-35.418,149.094,2025,4,Autumn,TRUE,14.2,-0.1,20.7,0,13.7,1017.6,TRUE,INTEGRATED FOREST PRODUCTS (Receivers & Managers Appointed),5.158,0,10,Good
Monash,07-04-2025,0.024,,,37.583,-35.418,149.094,2025,4,Autumn,FALSE,14.6,9.9,20.9,0,20,1018.3,TRUE,INTEGRATED FOREST PRODUCTS (Receivers & Managers Appointed),5.158,0,10,Fair
Monash,08-04-2025,0.021,10.811,5.479,32.875,-35.418,149.094,2025,4,Autumn,FALSE,15.9,8.3,22.6,0,7.7,1023.7,TRUE,INTEGRATED FOREST PRODUCTS (Receivers & Managers Appointed),5.158,0,10,Good
Monash,09-04-2025,0.027,13.071,5.242,41.75,-35.418,149.094,2025,4,Autumn,FALSE,15.9,11.6,24.6,0,7.9,1023,TRUE,INTEGRATED FOREST PRODUCTS (Receivers & Managers Appointed),5.158,0,10,Fair
Monash,10-04-2025,0.018,18.292,11.225,45.167,-35.418,149.094,2025,4,Autumn,FALSE,14.5,10.7,24.5,0,7.1,1021.5,TRUE,INTEGRATED FOREST PRODUCTS (Receivers & Managers Appointed),5.158,0,10,Fair
Monash,11-04-2025,0.017,20.675,12.967,52.875,-35.418,149.094,2025,4,Autumn,FALSE,16.8,4.4,28.4,0,7.7,1025.1,TRUE,INTEGRATED FOREST PRODUCTS (Receivers & Managers Appointed),5.158,0,10,Fair
Monash,12-04-2025,0.027,23.792,15.642,62.708,-35.418,149.094,2025,4,Autumn,TRUE,17.2,6.7,27.5,0,7.9,1030.7,TRUE,INTEGRATED FOREST PRODUCTS (Receivers & Managers Appointed),5.158,0,10,Fair
Monash,13-04-2025,0.022,19.183,12.246,53.75,-35.418,149.094,2025,4,Autumn,TRUE,15.3,8.3,26,0,5.8,1028.8,TRUE,INTEGRATED FOREST PRODUCTS (Receivers & Managers Appointed),5.158,0,10,Fair
Monash,14-04-2025,0.017,19.262,13.346,53.458,-35.418,149.094,2025,4,Autumn,FALSE,17.5,4.8,27.1,0,9,1026.2,TRUE,INTEGRATED FOREST PRODUCTS (Receivers & Managers Appointed),5.158,0,10,Fair
Monash,15-04-2025,0.023,15.275,8.579,41.417,-35.418,149.094,2025,4,Autumn,FALSE,11.1,6.9,20.7,0,13.7,1027.5,TRUE,INTEGRATED FOREST PRODUCTS (Receivers & Managers Appointed),5.158,0,10,Fair
Monash,16-04-2025,0.016,7.913,2.975,25.542,-35.418,149.094,2025,4,Autumn,FALSE,11.8,2,23.6,0,6.7,1022.2,TRUE,INTEGRATED FOREST PRODUCTS (Receivers & Managers Appointed),5.158,0,10,Good
Monash,17-04-2025,0.013,8.342,3.458,24.625,-35.418,149.094,2025,4,Autumn,FALSE,13.6,1.3,25.2,0,7.4,1017.4,TRUE,INTEGRATED FOREST PRODUCTS (Receivers & Managers Appointed),5.158,0,10,Good
Monash,18-04-2025,0.015,10.6,5.142,28.833,-35.418,149.094,2025,4,Autumn,FALSE,14.6,4.6,26.1,0,7.4,1014.5,TRUE,INTEGRATED FOREST PRODUCTS (Receivers & Managers Appointed),5.158,0,10,Good
Monash,19-04-2025,0.016,18.938,11.908,47.958,-35.418,149.094,2025,4,Autumn,TRUE,14.1,5.5,26.6,0,6,1013.1,TRUE,INTEGRATED FOREST PRODUCTS (Receivers & Managers Appointed),5.158,0,10,Fair
Monash,20-04-2025,0.016,22.383,13.712,54.875,-35.418,149.094,2025,4,Autumn,TRUE,17.8,3.5,27.3,3.3,11.7,1012.1,TRUE,INTEGRATED FOREST PRODUCTS (Receivers & Managers Appointed),5.158,0,10,Fair
Monash,21-04-2025,0.016,13.725,7.292,33.792,-35.418,149.094,2025,4,Autumn,FALSE,14.3,10.5,22.3,7.9,10.9,1013,TRUE,INTEGRATED FOREST PRODUCTS (Receivers & Managers Appointed),5.158,0,10,Fair
Monash,22-04-2025,0.025,4.9,5.163,39.25,-35.418,149.094,2025,4,Autumn,FALSE,16.7,9.1,22.4,0.3,17.5,1018.6,TRUE,INTEGRATED FOREST PRODUCTS (Receivers & Managers Appointed),5.158,0,10,Fair
Monash,23-04-2025,0.025,4.633,3.483,38.25,-35.418,149.094,2025,4,Autumn,FALSE,14.3,11.6,19.3,5.6,12.1,1023.9,TRUE,INTEGRATED FOREST PRODUCTS (Receivers & Managers Appointed),5.158,0,10,Fair
Monash,24-04-2025,0.014,6.592,4.654,26.292,-35.418,149.094,2025,4,Autumn,FALSE,14.7,9.4,22.6,0.3,8.3,1023.1,TRUE,INTEGRATED FOREST PRODUCTS (Receivers & Managers Appointed),5.158,0,10,Good
Monash,25-04-2025,0.017,7.483,5.333,30,-35.418,149.094,2025,4,Autumn,FALSE,15.3,6.1,24.6,0,5.8,1018.6,TRUE,INTEGRATED FOREST PRODUCTS (Receivers & Managers Appointed),5.158,0,10,Good
Monash,26-04-2025,0.01,13.383,9.388,37.625,-35.418,149.094,2025,4,Autumn,TRUE,14.7,9.3,21.4,0.9,4.2,1015.8,TRUE,INTEGRATED FOREST PRODUCTS (Receivers & Managers Appointed),5.158,0,10,Fair
Monash,27-04-2025,0.016,11.921,8.992,38.833,-35.418,149.094,2025,4,Autumn,TRUE,13.7,9.7,21.4,0,10.9,1014.4,TRUE,INTEGRATED FOREST PRODUCTS (Receivers & Managers Appointed),5.158,0,10,Fair
Monash,28-04-2025,0.027,4.767,3.771,42.042,-35.418,149.094,2025,4,Autumn,FALSE,14.8,6.4,23.4,0,7.6,1016.3,TRUE,INTEGRATED FOREST PRODUCTS (Receivers & Managers Appointed),5.158,0,10,Fair
Monash,29-04-2025,0.014,10.521,6.438,28.75,-35.418,149.094,2025,4,Autumn,FALSE,12.6,7.3,20.6,15,6.3,1018.4,TRUE,INTEGRATED FOREST PRODUCTS (Receivers & Managers Appointed),5.158,0,10,Good
Monash,30-04-2025,0.025,5.592,5.071,38.333,-35.418,149.094,2025,4,Autumn,FALSE,8.9,3.7,16.2,0.3,13.6,1023.8,TRUE,INTEGRATED FOREST PRODUCTS (Receivers & Managers Appointed),5.158,0,10,Fair
Monash,01-05-2025,0.025,10.088,1.729,39,-35.418,149.094,2025,5,Autumn,FALSE,9.1,2,16.1,0,13.5,1029.9,TRUE,INTEGRATED FOREST PRODUCTS (Receivers & Managers Appointed),5.158,0,10,Fair
Monash,02-05-2025,0.013,11.696,4.133,26.208,-35.418,149.094,2025,5,Autumn,FALSE,9.1,3.3,18.7,0,7.4,1033.7,TRUE,INTEGRATED FOREST PRODUCTS (Receivers & Managers Appointed),5.158,0,10,Good
Monash,03-05-2025,0.01,12.654,7.592,31.083,-35.418,149.094,2025,5,Autumn,TRUE,8.6,-0.2,20.3,0,5.6,1035.3,TRUE,INTEGRATED FOREST PRODUCTS (Receivers & Managers Appointed),5.158,0,10,Good
Monash,04-05-2025,0.011,19.812,15.233,60.958,-35.418,149.094,2025,5,Autumn,TRUE,9.2,-0.7,20.5,0,4.4,1033.5,TRUE,INTEGRATED FOREST PRODUCTS (Receivers & Managers Appointed),5.158,0,10,Fair
Monash,05-05-2025,0.01,16.892,13.908,55.625,-35.418,149.094,2025,5,Autumn,FALSE,10.7,1.6,21.7,0,4.6,1028.9,TRUE,INTEGRATED FOREST PRODUCTS (Receivers & Managers Appointed),5.158,0,10,Fair
Monash,06-05-2025,0.01,15.196,11.208,44.708,-35.418,149.094,2025,5,Autumn,FALSE,14.6,3,23.5,0,10.9,1023.2,TRUE,INTEGRATED FOREST PRODUCTS (Receivers & Managers Appointed),5.158,0,10,Fair
Monash,07-05-2025,0.015,16.396,9.612,40.917,-35.418,149.094,2025,5,Autumn,FALSE,14.8,6.1,23.6,0,17.6,1018.8,TRUE,INTEGRATED FOREST PRODUCTS (Receivers & Managers Appointed),5.158,0,10,Fair
Monash,08-05-2025,0.023,11.542,5.642,35.208,-35.418,149.094,2025,5,Autumn,FALSE,7.4,4,17.5,0,9.7,1025.7,TRUE,INTEGRATED FOREST PRODUCTS (Receivers & Managers Appointed),5.158,0,10,Fair
Monash,09-05-2025,0.015,10.646,4.138,26.833,-35.418,149.094,2025,5,Autumn,FALSE,8.7,-1.2,19.3,0,4.5,1032.2,TRUE,INTEGRATED FOREST PRODUCTS (Receivers & Managers Appointed),5.158,0,10,Good
Monash,10-05-2025,0.011,18.662,14.688,58.583,-35.418,149.094,2025,5,Autumn,TRUE,12.2,0.9,19.5,0,7,1032.2,TRUE,INTEGRATED FOREST PRODUCTS (Receivers & Managers Appointed),5.158,0,10,Fair
Monash,11-05-2025,0.014,18.138,16.917,67.667,-35.418,149.094,2025,5,Autumn,TRUE,13.7,3.9,20.8,1.8,6.3,1030.2,TRUE,INTEGRATED FOREST PRODUCTS (Receivers & Managers Appointed),5.158,0,10,Poor
Monash,12-05-2025,0.014,9.567,8.062,35,-35.418,149.094,2025,5,Autumn,FALSE,14.8,10.7,21.7,0,7.7,1027.6,TRUE,INTEGRATED FOREST PRODUCTS (Receivers & Managers Appointed),5.158,0,10,Fair
Monash,13-05-2025,0.014,6.558,4.792,24.583,-35.418,149.094,2025,5,Autumn,FALSE,14.4,8.4,20.3,0.8,7.6,1026.3,TRUE,INTEGRATED FOREST PRODUCTS (Receivers & Managers Appointed),5.158,0,10,Good
Monash,14-05-2025,0.01,7.175,6.062,24.542,-35.418,149.094,2025,5,Autumn,FALSE,12.8,9.8,20.6,1.3,5,1022.6,TRUE,INTEGRATED FOREST PRODUCTS (Receivers & Managers Appointed),5.158,0,10,Good
Monash,15-05-2025,0.012,10.067,9.229,37.083,-35.418,149.094,2025,5,Autumn,FALSE,12.5,6.7,19.2,0,7.2,1023.2,TRUE,INTEGRATED FOREST PRODUCTS (Receivers & Managers Appointed),5.158,0,10,Fair
Monash,16-05-2025,0.013,12.521,11.771,47.125,-35.418,149.094,2025,5,Autumn,FALSE,9.7,6.7,19.2,0,5.1,1019.4,TRUE,INTEGRATED FOREST PRODUCTS (Receivers & Managers Appointed),5.158,0,10,Fair
Monash,17-05-2025,0.012,16.925,16.958,67.875,-35.418,149.094,2025,5,Autumn,TRUE,10.5,1.5,17.7,0,7.4,1017.2,TRUE,INTEGRATED FOREST PRODUCTS (Receivers & Managers Appointed),5.158,0,10,Poor
Monash,18-05-2025,0.027,7.592,7.975,44.583,-35.418,149.094,2025,5,Autumn,TRUE,8.6,4.6,14.2,0,22.9,1024.5,TRUE,INTEGRATED FOREST PRODUCTS (Receivers & Managers Appointed),5.158,0,10,Fair
Monash,19-05-2025,0.027,3.396,2.918,40.958,-35.418,149.094,2025,5,Autumn,FALSE,8.2,4.8,14.4,0,16,1031.2,TRUE,INTEGRATED FOREST PRODUCTS (Receivers & Managers Appointed),5.158,0,10,Fair
Monash,20-05-2025,0.023,5.246,,35.917,-35.418,149.094,2025,5,Autumn,FALSE,9.2,3,15.8,0,11.5,1031.6,TRUE,INTEGRATED FOREST PRODUCTS (Receivers & Managers Appointed),5.158,0,10,Fair
Monash,21-05-2025,0.016,5.592,5.947,28.25,-35.418,149.094,2025,5,Autumn,FALSE,12.8,3.3,17.6,1,7.2,1028.3,TRUE,INTEGRATED FOREST PRODUCTS (Receivers & Managers Appointed),5.158,0,10,Good
Monash,22-05-2025,0.02,7.196,4.492,30.083,-35.418,149.094,2025,5,Autumn,FALSE,13.8,10.4,13.8,19.6,9.4,1021.7,TRUE,INTEGRATED FOREST PRODUCTS (Receivers & Managers Appointed),5.158,0,10,Good
Monash,23-05-2025,0.02,5.079,2.088,30.333,-35.418,149.094,2025,5,Autumn,FALSE,11.9,9.6,16.1,10.9,14.2,1015.1,TRUE,INTEGRATED FOREST PRODUCTS (Receivers & Managers Appointed),5.158,0,10,Good
Monash,24-05-2025,0.024,4.312,5.746,36.417,-35.418,149.094,2025,5,Autumn,TRUE,10.4,9.1,16.8,0,24.3,1014.1,TRUE,INTEGRATED FOREST PRODUCTS (Receivers & Managers Appointed),5.158,0,10,Fair
Monash,25-05-2025,0.022,10.625,6.867,33.792,-35.418,149.094,2025,5,Autumn,TRUE,8.4,2.8,18.1,0,12.2,1018.3,TRUE,INTEGRATED FOREST PRODUCTS (Receivers & Managers Appointed),5.158,0,10,Fair
Monash,26-05-2025,0.012,13.825,9.987,39.958,-35.418,149.094,2025,5,Autumn,FALSE,8.1,-0.2,14.3,11.9,11.6,1015.5,TRUE,INTEGRATED FOREST PRODUCTS (Receivers & Managers Appointed),5.158,0,10,Fair
Monash,27-05-2025,0.028,133.158,21.471,268.458,-35.418,149.094,2025,5,Autumn,FALSE,8.1,6.7,13.2,0,23.7,1009.6,TRUE,INTEGRATED FOREST PRODUCTS (Receivers & Managers Appointed),5.158,0,10,Hazardous
Monash,28-05-2025,0.019,42.838,10.875,94.708,-35.418,149.094,2025,5,Autumn,FALSE,6.3,1.7,15.1,0,12.9,1016.8,TRUE,INTEGRATED FOREST PRODUCTS (Receivers & Managers Appointed),5.158,0,10,Poor
Monash,29-05-2025,0.015,12.625,11.996,48,-35.418,149.094,2025,5,Autumn,FALSE,5.1,-0.6,16.6,0.3,4.1,1021.8,TRUE,INTEGRATED FOREST PRODUCTS (Receivers & Managers Appointed),5.158,0,10,Fair
Monash,30-05-2025,0.008,15.05,15.204,60.875,-35.418,149.094,2025,5,Autumn,FALSE,6.9,-3.9,18.9,0,3.6,1026,TRUE,INTEGRATED FOREST PRODUCTS (Receivers & Managers Appointed),5.158,0,10,Fair
Monash,31-05-2025,0.011,18.954,17.021,68.083,-35.418,149.094,2025,5,Autumn,TRUE,6.6,-0.4,16.3,0,5,1029,TRUE,INTEGRATED FOREST PRODUCTS (Receivers & Managers Appointed),5.158,0,10,Poor
Monash,01-06-2025,0.007,27.425,26.821,107.167,-35.418,149.094,2025,6,Winter,TRUE,4.1,0.4,15.4,0,4.4,1026.6,TRUE,INTEGRATED FOREST PRODUCTS (Receivers & Managers Appointed),5.158,0,10,Very Poor
Monash,02-06-2025,0.006,31.175,30.921,123.667,-35.418,149.094,2025,6,Winter,FALSE,4,-2.4,12.9,0.3,2.5,1019.6,TRUE,INTEGRATED FOREST PRODUCTS (Receivers & Managers Appointed),5.158,0,10,Very Poor
Monash,03-06-2025,0.009,34.254,35.363,141.542,-35.418,149.094,2025,6,Winter,FALSE,8.8,-2.3,16.4,0.5,9.6,1012.6,TRUE,INTEGRATED FOREST PRODUCTS (Receivers & Managers Appointed),5.158,0,10,Very Poor
Monash,04-06-2025,0.028,8.129,8.7,50.042,-35.418,149.094,2025,6,Winter,FALSE,3.9,2.8,11.7,0,22.5,1019.6,TRUE,INTEGRATED FOREST PRODUCTS (Receivers & Managers Appointed),5.158,0,10,Fair
Monash,05-06-2025,0.02,4.95,4.317,31.833,-35.418,149.094,2025,6,Winter,FALSE,3.4,-4.6,13.3,0,5.8,1024.9,TRUE,INTEGRATED FOREST PRODUCTS (Receivers & Managers Appointed),5.158,0,10,Good
Monash,06-06-2025,0.007,20.346,18.329,73.333,-35.418,149.094,2025,6,Winter,FALSE,3.4,-3.1,10.7,0,6.6,1020.3,TRUE,INTEGRATED FOREST PRODUCTS (Receivers & Managers Appointed),5.158,0,10,Poor
Monash,07-06-2025,0.02,12.712,10.658,46.542,-35.418,149.094,2025,6,Winter,TRUE,7,-0.4,11.3,4.3,25.3,1009.9,TRUE,INTEGRATED FOREST PRODUCTS (Receivers & Managers Appointed),5.158,0,10,Fair
Monash,08-06-2025,0.026,2.933,3.117,40.792,-35.418,149.094,2025,6,Winter,TRUE,4.2,4,6.6,1.8,28.3,1004.5,TRUE,INTEGRATED FOREST PRODUCTS (Receivers & Managers Appointed),5.158,0,10,Fair
Monash,09-06-2025,0.023,1.379,2.242,36.083,-35.418,149.094,2025,6,Winter,FALSE,5.4,2.4,9.3,0,20,1003.5,TRUE,INTEGRATED FOREST PRODUCTS (Receivers & Managers Appointed),5.158,0,10,Fair
Monash,10-06-2025,0.015,5.112,4.55,26.208,-35.418,149.094,2025,6,Winter,FALSE,4.6,0.1,13.3,0.3,13,1009.8,TRUE,INTEGRATED FOREST PRODUCTS (Receivers & Managers Appointed),5.158,0,10,Good
Monash,11-06-2025,0.008,11.946,8.471,33.958,-35.418,149.094,2025,6,Winter,FALSE,3.2,-2.6,13,0,6.5,1014.8,TRUE,INTEGRATED FOREST PRODUCTS (Receivers & Managers Appointed),5.158,0,10,Fair
Monash,12-06-2025,0.005,19.088,15.846,63.542,-35.418,149.094,2025,6,Winter,FALSE,1.4,-4,11.8,0,4.5,1020.2,TRUE,INTEGRATED FOREST PRODUCTS (Receivers & Managers Appointed),5.158,0,10,Fair
Monash,13-06-2025,0.01,18.083,18.554,74.25,-35.418,149.094,2025,6,Winter,FALSE,4,-5.5,12.6,0.3,6.7,1024.8,TRUE,INTEGRATED FOREST PRODUCTS (Receivers & Managers Appointed),5.158,0,10,Poor
Monash,14-06-2025,0.008,14.25,13.967,55.875,-35.418,149.094,2025,6,Winter,TRUE,4.7,-4.1,14.2,0,5.1,1024.2,TRUE,INTEGRATED FOREST PRODUCTS (Receivers & Managers Appointed),5.158,0,10,Fair
Monash,15-06-2025,0.007,28.529,28.333,113.333,-35.418,149.094,2025,6,Winter,TRUE,4.1,-1,9.2,2.5,6.7,1023.3,TRUE,INTEGRATED FOREST PRODUCTS (Receivers & Managers Appointed),5.158,0,10,Very Poor
Monash,16-06-2025,0.011,10.496,11.933,47.833,-35.418,149.094,2025,6,Winter,FALSE,5.7,-1.5,9.5,0,9.8,1024.1,TRUE,INTEGRATED FOREST PRODUCTS (Receivers & Managers Appointed),5.158,0,10,Fair
Monash,17-06-2025,0.023,5.954,4.35,35.125,-35.418,149.094,2025,6,Winter,FALSE,5.3,4.1,12.8,0,21.8,1021.7,TRUE,INTEGRATED FOREST PRODUCTS (Receivers & Managers Appointed),5.158,0,10,Fair
Monash,18-06-2025,0.013,7.946,7.5,33.25,-35.418,149.094,2025,6,Winter,FALSE,1.3,-4.1,11.9,0,6.3,1026.4,TRUE,INTEGRATED FOREST PRODUCTS (Receivers & Managers Appointed),5.158,0,10,Fair
Monash,19-06-2025,0.006,23.392,22.679,90.708,-35.418,149.094,2025,6,Winter,FALSE,1.4,-5.3,11.5,0.3,5.1,1028,TRUE,INTEGRATED FOREST PRODUCTS (Receivers & Managers Appointed),5.158,0,10,Poor
Monash,20-06-2025,0.006,23.388,23.921,95.625,-35.418,149.094,2025,6,Winter,FALSE,0.8,-7.2,13.3,0,3.7,1030.2,TRUE,INTEGRATED FOREST PRODUCTS (Receivers & Managers Appointed),5.158,0,10,Poor
Monash,21-06-2025,0.007,28.942,27.85,111.417,-35.418,149.094,2025,6,Winter,TRUE,1.4,-7.6,14.5,0,3.9,1031.8,TRUE,INTEGRATED FOREST PRODUCTS (Receivers & Managers Appointed),5.158,0,10,Very Poor
Monash,22-06-2025,0.007,33.363,33.629,134.542,-35.418,149.094,2025,6,Winter,TRUE,3.4,-7.5,14.5,0,4.1,1029.6,TRUE,INTEGRATED FOREST PRODUCTS (Receivers & Managers Appointed),5.158,0,10,Very Poor
Monash,23-06-2025,0.002,34.588,34.379,137.458,-35.418,149.094,2025,6,Winter,FALSE,10.6,-4.1,15,13.2,5.4,1021.8,TRUE,INTEGRATED FOREST PRODUCTS (Receivers & Managers Appointed),5.158,0,10,Very Poor
Monash,24-06-2025,0.02,15.562,14.033,59.5,-35.418,149.094,2025,6,Winter,FALSE,8.9,7,14.6,3.8,31.4,1009.1,TRUE,INTEGRATED FOREST PRODUCTS (Receivers & Managers Appointed),5.158,0,10,Fair
Monash,25-06-2025,0.022,1.346,3.071,34.833,-35.418,149.094,2025,6,Winter,FALSE,2.2,0.7,9,3,26.8,1008.6,TRUE,INTEGRATED FOREST PRODUCTS (Receivers & Managers Appointed),5.158,0,10,Fair
Monash,26-06-2025,0.011,9.579,8.825,35.583,-35.418,149.094,2025,6,Winter,FALSE,1.7,-5,10.6,0,8.5,1026.4,TRUE,INTEGRATED FOREST PRODUCTS (Receivers & Managers Appointed),5.158,0,10,Fair
Monash,27-06-2025,0.009,16.4,14.508,58.083,-35.418,149.094,2025,6,Winter,FALSE,3.3,-5.4,13,0,3.8,1032.1,TRUE,INTEGRATED FOREST PRODUCTS (Receivers & Managers Appointed),5.158,0,10,Fair
Monash,28-06-2025,0.006,14.562,15.129,60.542,-35.418,149.094,2025,6,Winter,TRUE,3.4,-4.1,14.1,0,5.3,1029.2,TRUE,INTEGRATED FOREST PRODUCTS (Receivers & Managers Appointed),5.158,0,10,Fair
Monash,29-06-2025,0.007,27.379,28,112,-35.418,149.094,2025,6,Winter,TRUE,2.3,-5.6,12.6,0.3,5.6,1026.5,TRUE,INTEGRATED FOREST PRODUCTS (Receivers & Managers Appointed),5.158,0,10,Very Poor
Monash,30-06-2025,0.009,21.2,21.012,84.125,-35.418,149.094,2025,6,Winter,FALSE,7.1,-6.4,11.7,0.3,6.5,1026.9,TRUE,INTEGRATED FOREST PRODUCTS (Receivers & Managers Appointed),5.158,0,10,Poor
Monash,01-07-2025,0.024,4.608,5.975,39.833,-35.418,149.094,2025,7,Winter,FALSE,8.8,2.7,9.2,2,22.8,1016.9,TRUE,INTEGRATED FOREST PRODUCTS (Receivers & Managers Appointed),5.158,0,10,Fair
Monash,02-07-2025,0.03,1.588,1.075,46.292,-35.418,149.094,2025,7,Winter,FALSE,10.4,7.3,13.3,0,30,1008.7,TRUE,INTEGRATED FOREST PRODUCTS (Receivers & Managers Appointed),5.158,0,10,Fair
Monash,03-07-2025,0.028,2.658,1.292,43.042,-35.418,149.094,2025,7,Winter,FALSE,6.1,1.9,14.7,0,16.5,1014.2,TRUE,INTEGRATED FOREST PRODUCTS (Receivers & Managers Appointed),5.158,0,10,Fair
Monash,04-07-2025,0.006,10.783,9.075,37.917,-35.418,149.094,2025,7,Winter,FALSE,2.1,-2.2,10.2,0.5,4.4,1021.8,TRUE,INTEGRATED FOREST PRODUCTS (Receivers & Managers Appointed),5.158,0,10,Fair
Monash,05-07-2025,0.006,11.229,10.933,43.667,-35.418,149.094,2025,7,Winter,TRUE,6.7,-4.2,11,0,4.2,1024,TRUE,INTEGRATED FOREST PRODUCTS (Receivers & Managers Appointed),5.158,0,10,Fair
Monash,06-07-2025,0.009,18.196,17.771,71.083,-35.418,149.094,2025,7,Winter,TRUE,8.3,2.4,15,11.4,8,1018.5,TRUE,INTEGRATED FOREST PRODUCTS (Receivers & Managers Appointed),5.158,0,10,Poor
Monash,07-07-2025,0.011,10.558,9.908,39.625,-35.418,149.094,2025,7,Winter,FALSE,7.4,3.5,12,0,9.5,1016.9,TRUE,INTEGRATED FOREST PRODUCTS (Receivers & Managers Appointed),5.158,0,10,Fair
Monash,08-07-2025,0.02,,8.692,36.583,-35.418,149.094,2025,7,Winter,FALSE,8.4,4.9,12.6,0,26.4,1011.9,TRUE,INTEGRATED FOREST PRODUCTS (Receivers & Managers Appointed),5.158,0,10,Fair
Monash,09-07-2025,0.033,15.571,5.25,51.417,-35.418,149.094,2025,7,Winter,FALSE,7.8,2.9,12.1,3.8,19.7,1008.5,TRUE,INTEGRATED FOREST PRODUCTS (Receivers & Managers Appointed),5.158,0,10,Fair
Monash,10-07-2025,0.029,,5.133,44.833,-35.418,149.094,2025,7,Winter,FALSE,5.8,4.2,8.1,1,23.2,1005.6,TRUE,INTEGRATED FOREST PRODUCTS (Receivers & Managers Appointed),5.158,0,10,Fair
Monash,11-07-2025,0.03,2.745,3.025,45.917,-35.418,149.094,2025,7,Winter,FALSE,7.8,4.5,11.6,0,24.7,1018.5,TRUE,INTEGRATED FOREST PRODUCTS (Receivers & Managers Appointed),5.158,0,10,Fair
Monash,12-07-2025,0.026,4.196,3.621,40,-35.418,149.094,2025,7,Winter,TRUE,4.9,0.1,14.2,0.3,15.4,1024.4,TRUE,INTEGRATED FOREST PRODUCTS (Receivers & Managers Appointed),5.158,0,10,Fair
Monash,13-07-2025,0.015,20.183,14.263,57.042,-35.418,149.094,2025,7,Winter,TRUE,7.9,-2.8,12,0,15.8,1019.6,TRUE,INTEGRATED FOREST PRODUCTS (Receivers & Managers Appointed),5.158,0,10,Fair
Monash,14-07-2025,0.026,7.688,5.488,41.125,-35.418,149.094,2025,7,Winter,FALSE,6.1,3.4,12,0,22.8,1013.1,TRUE,INTEGRATED FOREST PRODUCTS (Receivers & Managers Appointed),5.158,0,10,Fair
Monash,15-07-2025,0.015,,6.262,30.083,-35.418,149.094,2025,7,Winter,FALSE,3.2,2.6,12.3,0.3,16.4,1012.7,TRUE,INTEGRATED FOREST PRODUCTS (Receivers & Managers Appointed),5.158,0,10,Good
Monash,16-07-2025,0.011,19.765,13.4,53.625,-35.418,149.094,2025,7,Winter,FALSE,3.7,-5.4,12.8,0,10.2,1018.8,TRUE,INTEGRATED FOREST PRODUCTS (Receivers & Managers Appointed),5.158,0,10,Fair
Monash,17-07-2025,0.008,19.083,16.446,65.75,-35.418,149.094,2025,7,Winter,FALSE,2.2,-4.4,12.6,0,4,1019.1,TRUE,INTEGRATED FOREST PRODUCTS (Receivers & Managers Appointed),5.158,0,10,Fair
Monash,18-07-2025,0.011,22.6,19.488,78,-35.418,149.094,2025,7,Winter,FALSE,3.9,-3.5,14.1,0,4.3,1020.4,TRUE,INTEGRATED FOREST PRODUCTS (Receivers & Managers Appointed),5.158,0,10,Poor
Monash,19-07-2025,0.012,22.608,19.871,79.333,-35.418,149.094,2025,7,Winter,TRUE,3.5,-5.5,13.6,0.3,11.3,1020.2,TRUE,INTEGRATED FOREST PRODUCTS (Receivers & Managers Appointed),5.158,0,10,Poor
Monash,20-07-2025,0.014,17.896,17.112,68.417,-35.418,149.094,2025,7,Winter,TRUE,6.6,-5.2,14.8,0,8.4,1024.2,TRUE,INTEGRATED FOREST PRODUCTS (Receivers & Managers Appointed),5.158,0,10,Poor
Monash,21-07-2025,0.016,15.4,12.754,51.667,-35.418,149.094,2025,7,Winter,FALSE,9.3,0.9,16.1,0,10.3,1024,TRUE,INTEGRATED FOREST PRODUCTS (Receivers & Managers Appointed),5.158,0,10,Fair
Monash,22-07-2025,0.014,14.175,10.462,42,-35.418,149.094,2025,7,Winter,FALSE,10.2,3.1,16.6,16.5,15.7,1015.8,TRUE,INTEGRATED FOREST PRODUCTS (Receivers & Managers Appointed),5.158,0,10,Fair
Monash,23-07-2025,0.03,6.933,5.312,46,-35.418,149.094,2025,7,Winter,FALSE,4.6,3.2,12.7,0.3,19.4,1014.9,TRUE,INTEGRATED FOREST PRODUCTS (Receivers & Managers Appointed),5.158,0,10,Fair
Monash,24-07-2025,0.017,9.333,6.104,30.75,-35.418,149.094,2025,7,Winter,FALSE,2.8,-2.8,12.8,0,10.2,1021.2,TRUE,INTEGRATED FOREST PRODUCTS (Receivers & Managers Appointed),5.158,0,10,Good
Monash,25-07-2025,0.01,16.883,12.875,51.583,-35.418,149.094,2025,7,Winter,FALSE,7.9,-5.3,12.6,14.5,5.4,1021.1,TRUE,INTEGRATED FOREST PRODUCTS (Receivers & Managers Appointed),5.158,0,10,Fair
Monash,26-07-2025,0.022,8.854,7.108,37.667,-35.418,149.094,2025,7,Winter,TRUE,9.1,3.6,12.7,4.8,18.9,1008.4,TRUE,INTEGRATED FOREST PRODUCTS (Receivers & Managers Appointed),5.158,0,10,Fair
Monash,27-07-2025,0.025,2.729,3.554,38.25,-35.418,149.094,2025,7,Winter,TRUE,8.2,7.4,12.2,0.8,27.3,1004,TRUE,INTEGRATED FOREST PRODUCTS (Receivers & Managers Appointed),5.158,0,10,Fair
Monash,28-07-2025,0.027,2.383,2.146,41.333,-35.418,149.094,2025,7,Winter,FALSE,7.7,6.4,11.9,0,28.2,1007.9,TRUE,INTEGRATED FOREST PRODUCTS (Receivers & Managers Appointed),5.158,0,10,Fair
Monash,29-07-2025,0.027,3.904,2.767,41.542,-35.418,149.094,2025,7,Winter,FALSE,6.6,3.7,13,0,17,1014.2,TRUE,INTEGRATED FOREST PRODUCTS (Receivers & Managers Appointed),5.158,0,10,Fair
Monash,30-07-2025,0.025,7.992,7.333,40.458,-35.418,149.094,2025,7,Winter,FALSE,6.1,4.4,10.1,0,14.4,1016.9,TRUE,INTEGRATED FOREST PRODUCTS (Receivers & Managers Appointed),5.158,0,10,Fair
Monash,31-07-2025,0.032,4.421,2.483,50.042,-35.418,149.094,2025,7,Winter,FALSE,5.2,0.4,13.3,0.3,14.9,1022.7,TRUE,INTEGRATED FOREST PRODUCTS (Receivers & Managers Appointed),5.158,0,10,Fair
Monash,01-08-2025,0.029,3.512,1.75,44.958,-35.418,149.094,2025,8,Winter,FALSE,7.7,-1.2,11.8,1,11.6,1024.9,TRUE,INTEGRATED FOREST PRODUCTS (Receivers & Managers Appointed),5.158,0,10,Fair
Monash,02-08-2025,0.029,4.913,3.65,44.792,-35.418,149.094,2025,8,Winter,TRUE,9,4.7,11.7,0,18,1024.3,TRUE,INTEGRATED FOREST PRODUCTS (Receivers & Managers Appointed),5.158,0,10,Fair
Monash,03-08-2025,0.03,5.146,1.533,46.25,-35.418,149.094,2025,8,Winter,TRUE,8,4.6,16.5,0,16.3,1025.6,TRUE,INTEGRATED FOREST PRODUCTS (Receivers & Managers Appointed),5.158,0,10,Fair
Monash,04-08-2025,0.014,13.418,9.054,37,-35.418,149.094,2025,8,Winter,FALSE,9.3,0.9,16.5,0.3,6.2,1023.2,TRUE,INTEGRATED FOREST PRODUCTS (Receivers & Managers Appointed),5.158,0,10,Fair
Monash,05-08-2025,0.015,,9.058,38.833,-35.418,149.094,2025,8,Winter,FALSE,7.3,3.8,16,0,14.7,1018.4,TRUE,INTEGRATED FOREST PRODUCTS (Receivers & Managers Appointed),5.158,0,10,Fair
Monash,06-08-2025,0.013,15.367,9.138,37.083,-35.418,149.094,2025,8,Winter,FALSE,5.5,-3.6,16.1,0,8.5,1022.3,TRUE,INTEGRATED FOREST PRODUCTS (Receivers & Managers Appointed),5.158,0,10,Fair
Monash,07-08-2025,0.012,14.975,12.062,48.208,-35.418,149.094,2025,8,Winter,FALSE,6.3,-3.4,14.6,0,5.2,1029.1,TRUE,INTEGRATED FOREST PRODUCTS (Receivers & Managers Appointed),5.158,0,10,Fair
Monash,08-08-2025,0.013,14.562,12.317,49.292,-35.418,149.094,2025,8,Winter,FALSE,6.7,1,14.2,0,10.7,1033.7,TRUE,INTEGRATED FOREST PRODUCTS (Receivers & Managers Appointed),5.158,0,10,Fair
Monash,09-08-2025,0.021,7.983,6.262,37.208,-35.418,149.094,2025,8,Winter,TRUE,8,1,14.1,0,14.3,1033.8,TRUE,INTEGRATED FOREST PRODUCTS (Receivers & Managers Appointed),5.158,0,10,Fair
Monash,10-08-2025,0.029,5.433,3.938,44.667,-35.418,149.094,2025,8,Winter,TRUE,6.2,2.3,14.9,0,11,1030.7,TRUE,INTEGRATED FOREST PRODUCTS (Receivers & Managers Appointed),5.158,0,10,Fair
Monash,11-08-2025,0.018,8.783,7.246,35.083,-35.418,149.094,2025,8,Winter,FALSE,4.8,-1,14.1,0.3,7.6,1028.7,TRUE,INTEGRATED FOREST PRODUCTS (Receivers & Managers Appointed),5.158,0,10,Fair
Monash,12-08-2025,0.014,11.054,8.942,37.708,-35.418,149.094,2025,8,Winter,FALSE,6,-4.3,14.9,0,5.3,1026.9,TRUE,INTEGRATED FOREST PRODUCTS (Receivers & Managers Appointed),5.158,0,10,Fair
Monash,13-08-2025,0.012,15.487,12.425,49.708,-35.418,149.094,2025,8,Winter,FALSE,8.7,-0.1,13.7,0,5.1,1026.3,TRUE,INTEGRATED FOREST PRODUCTS (Receivers & Managers Appointed),5.158,0,10,Fair
Monash,14-08-2025,0.026,10.25,7.125,41.708,-35.418,149.094,2025,8,Winter,FALSE,6.4,2.6,16.1,0,11.4,1027.5,TRUE,INTEGRATED FOREST PRODUCTS (Receivers & Managers Appointed),5.158,0,10,Fair
Monash,15-08-2025,0.013,15.838,12.171,48.667,-35.418,149.094,2025,8,Winter,FALSE,9.8,-2.9,15.3,0,11.1,1020.6,TRUE,INTEGRATED FOREST PRODUCTS (Receivers & Managers Appointed),5.158,0,10,Fair
Monash,16-08-2025,0.028,7.271,5.721,43.625,-35.418,149.094,2025,8,Winter,TRUE,4.1,1.5,13.3,0,19.5,1014,TRUE,INTEGRATED FOREST PRODUCTS (Receivers & Managers Appointed),5.158,0,10,Fair
Monash,17-08-2025,0.018,9.704,8.283,36.417,-35.418,149.094,2025,8,Winter,TRUE,3.1,-3.9,12.5,0,10.2,1019.1,TRUE,INTEGRATED FOREST PRODUCTS (Receivers & Managers Appointed),5.158,0,10,Fair
Monash,18-08-2025,0.017,14.647,13.418,50.75,-35.418,149.094,2025,8,Winter,FALSE,5.2,-6.2,13.6,0,9.4,1027.5,TRUE,INTEGRATED FOREST PRODUCTS (Receivers & Managers Appointed),5.158,0,10,Fair
Monash,19-08-2025,0.02,,6.062,30.875,-35.418,149.094,2025,8,Winter,FALSE,7.8,-0.9,14.7,0.3,11,1032.4,TRUE,INTEGRATED FOREST PRODUCTS (Receivers & Managers Appointed),5.158,0,10,Good
Monash,20-08-2025,0.023,,3.808,35.5,-35.418,149.094,2025,8,Winter,FALSE,10.1,1.3,14.9,2,13.1,1032.1,TRUE,INTEGRATED FOREST PRODUCTS (Receivers & Managers Appointed),5.158,0,10,Fair
Monash,21-08-2025,0.028,4.071,2.567,43.333,-35.418,149.094,2025,8,Winter,FALSE,10.7,8.1,14.9,0.5,16.7,1028.9,TRUE,INTEGRATED FOREST PRODUCTS (Receivers & Managers Appointed),5.158,0,10,Fair
Monash,22-08-2025,0.024,3.371,1.5,36.583,-35.418,149.094,2025,8,Winter,FALSE,10.4,6.6,19.4,0,8.1,1023.6,TRUE,INTEGRATED FOREST PRODUCTS (Receivers & Managers Appointed),5.158,0,10,Fair
Monash,23-08-2025,0.016,11.454,9.825,40.417,-35.418,149.094,2025,8,Winter,TRUE,11.2,3.5,19.7,0.3,8.4,1021,TRUE,INTEGRATED FOREST PRODUCTS (Receivers & Managers Appointed),5.158,0,10,Fair
Monash,24-08-2025,0.03,8.5,5.508,46.542,-35.418,149.094,2025,8,Winter,TRUE,10.1,3.8,16.2,0,18.4,1022.7,TRUE,INTEGRATED FOREST PRODUCTS (Receivers & Managers Appointed),5.158,0,10,Fair
Monash,25-08-2025,0.027,3.875,1.975,41.833,-35.418,149.094,2025,8,Winter,FALSE,11.8,4,21,0,8.7,1019.5,TRUE,INTEGRATED FOREST PRODUCTS (Receivers & Managers Appointed),5.158,0,10,Fair
Monash,26-08-2025,0.015,8.958,5.617,29.042,-35.418,149.094,2025,8,Winter,FALSE,12.1,5,19,0,13.8,1012.9,TRUE,INTEGRATED FOREST PRODUCTS (Receivers & Managers Appointed),5.158,0,10,Good
Monash,27-08-2025,0.029,7.3,4.821,45.042,-35.418,149.094,2025,8,Winter,FALSE,10.9,7,14,14.8,27.7,1002.2,TRUE,INTEGRATED FOREST PRODUCTS (Receivers & Managers Appointed),5.158,0,10,Fair
Monash,28-08-2025,0.03,2.458,2.492,46.875,-35.418,149.094,2025,8,Winter,FALSE,7.8,6,10,0.7,27.7,1005.6,TRUE,INTEGRATED FOREST PRODUCTS (Receivers & Managers Appointed),5.158,0,10,Fair
Monash,29-08-2025,0.031,4.417,3.096,46.917,-35.418,149.094,2025,8,Winter,FALSE,8.4,5,13,7.2,28.2,1004.9,TRUE,INTEGRATED FOREST PRODUCTS (Receivers & Managers Appointed),5.158,0,10,Fair
Monash,30-08-2025,0.03,4.433,3.088,46.167,-35.418,149.094,2025,8,Winter,TRUE,6.8,1,14,3.1,20.7,1011.3,TRUE,INTEGRATED FOREST PRODUCTS (Receivers & Managers Appointed),5.158,0,10,Fair
Monash,31-08-2025,0.015,15.379,12.954,52.375,-35.418,149.094,2025,8,Winter,TRUE,5,-3,14,0,11.5,1023.9,TRUE,INTEGRATED FOREST PRODUCTS (Receivers & Managers Appointed),5.158,0,10,Fair
Monash,01-09-2025,0.014,15.335,11.912,47.583,-35.418,149.094,2025,9,Spring,FALSE,5.9,-3,15,0,8.2,1023.2,TRUE,INTEGRATED FOREST PRODUCTS (Receivers & Managers Appointed),5.158,0,10,Fair
Monash,02-09-2025,0.016,12.138,9.533,40.25,-35.418,149.094,2025,9,Spring,FALSE,8.1,2,15,0.1,13,1022.2,TRUE,INTEGRATED FOREST PRODUCTS (Receivers & Managers Appointed),5.158,0,10,Fair
Monash,03-09-2025,0.025,8.533,6.95,38.792,-35.418,149.094,2025,9,Spring,FALSE,9.8,2,15,0.1,19.9,1019.3,TRUE,INTEGRATED FOREST PRODUCTS (Receivers & Managers Appointed),5.158,0,10,Fair
Monash,04-09-2025,0.03,10.138,5.808,46.708,-35.418,149.094,2025,9,Spring,FALSE,11.9,7,17,0,24,1017.5,TRUE,INTEGRATED FOREST PRODUCTS (Receivers & Managers Appointed),5.158,0,10,Fair
Monash,05-09-2025,0.024,7.288,4.917,37.542,-35.418,149.094,2025,9,Spring,FALSE,7.7,-1,16,0,12.1,1026.2,TRUE,INTEGRATED FOREST PRODUCTS (Receivers & Managers Appointed),5.158,0,10,Fair
Monash,06-09-2025,0.024,11.342,7.033,37.167,-35.418,149.094,2025,9,Spring,TRUE,9.1,-1,19,0,10.2,1028.5,TRUE,INTEGRATED FOREST PRODUCTS (Receivers & Managers Appointed),5.158,0,10,Fair
Monash,07-09-2025,0.018,19.488,14.117,56.5,-35.418,149.094,2025,9,Spring,TRUE,12.2,3,20,1.6,14.7,1023.5,TRUE,INTEGRATED FOREST PRODUCTS (Receivers & Managers Appointed),5.158,0,10,Fair
Monash,08-09-2025,0.031,12.421,7.762,49,-35.418,149.094,2025,9,Spring,FALSE,15.6,11,22,0,24.8,1016.6,TRUE,INTEGRATED FOREST PRODUCTS (Receivers & Managers Appointed),5.158,0,10,Fair
Monash,09-09-2025,0.032,6.517,4.067,49.458,-35.418,149.094,2025,9,Spring,FALSE,14.3,5,21,0,20.2,1014.1,TRUE,INTEGRATED FOREST PRODUCTS (Receivers & Managers Appointed),5.158,0,10,Fair
Monash,10-09-2025,0.019,7.962,5.608,29.75,-35.418,149.094,2025,9,Spring,FALSE,7.9,5,11,21.8,11.6,1008,TRUE,INTEGRATED FOREST PRODUCTS (Receivers & Managers Appointed),5.158,0,10,Good
Monash,11-09-2025,0.027,3.275,3.858,42.083,-35.418,149.094,2025,9,Spring,FALSE,8.5,4,14,4.3,16.5,1012.5,TRUE,INTEGRATED FOREST PRODUCTS (Receivers & Managers Appointed),5.158,0,10,Fair
Monash,12-09-2025,0.013,8.579,7.163,30.083,-35.418,149.094,2025,9,Spring,FALSE,7.1,-1,15,0,11.9,1021.8,TRUE,INTEGRATED FOREST PRODUCTS (Receivers & Managers Appointed),5.158,0,10,Good
Monash,13-09-2025,0.014,12.325,9.575,39.292,-35.418,149.094,2025,9,Spring,TRUE,8.5,-1,17,0,6.8,1025.5,TRUE,INTEGRATED FOREST PRODUCTS (Receivers & Managers Appointed),5.158,0,10,Fair
Monash,14-09-2025,0.015,14.283,11.146,44.542,-35.418,149.094,2025,9,Spring,TRUE,9.1,0,17,0,14.5,1023.3,TRUE,INTEGRATED FOREST PRODUCTS (Receivers & Managers Appointed),5.158,0,10,Fair
Monash,15-09-2025,0.024,7.988,5.65,37.5,-35.418,149.094,2025,9,Spring,FALSE,12.6,6,20,0,17.6,1019.3,TRUE,INTEGRATED FOREST PRODUCTS (Receivers & Managers Appointed),5.158,0,10,Fair
Monash,16-09-2025,0.027,9.188,5.758,41.208,-35.418,149.094,2025,9,Spring,FALSE,15.1,5,21,9.7,24,1013.4,TRUE,INTEGRATED FOREST PRODUCTS (Receivers & Managers Appointed),5.158,0,10,Fair
Monash,17-09-2025,0.03,6.975,4.346,45.958,-35.418,149.094,2025,9,Spring,FALSE,11.4,5,16,0.1,22.2,1017,TRUE,INTEGRATED FOREST PRODUCTS (Receivers & Managers Appointed),5.158,0,10,Fair
Monash,18-09-2025,0.02,8.192,5.638,33.25,-35.418,149.094,2025,9,Spring,FALSE,8.1,0,16,0,11.4,1022.9,TRUE,INTEGRATED FOREST PRODUCTS (Receivers & Managers Appointed),5.158,0,10,Fair
Monash,19-09-2025,0.018,11.383,6.179,32.5,-35.418,149.094,2025,9,Spring,FALSE,9.7,0,19,2.9,12.6,1017,TRUE,INTEGRATED FOREST PRODUCTS (Receivers & Managers Appointed),5.158,0,10,Good
Monash,20-09-2025,0.028,10.054,4.046,43.875,-35.418,149.094,2025,9,Spring,TRUE,10.7,7,13,3.7,24.8,1009.8,TRUE,INTEGRATED FOREST PRODUCTS (Receivers & Managers Appointed),5.158,0,10,Fair
Monash,21-09-2025,0.03,8.846,3.35,46.917,-35.418,149.094,2025,9,Spring,TRUE,10.2,5,15,0.1,20.8,1016,TRUE,INTEGRATED FOREST PRODUCTS (Receivers & Managers Appointed),5.158,0,10,Fair
Monash,22-09-2025,0.027,4.608,3.275,42.167,-35.418,149.094,2025,9,Spring,FALSE,9.4,1,16,1.7,16.7,1018.8,TRUE,INTEGRATED FOREST PRODUCTS (Receivers & Managers Appointed),5.158,0,10,Fair
Monash,23-09-2025,0.016,7.083,6.008,29.875,-35.418,149.094,2025,9,Spring,FALSE,6.8,-2,15,0,12.9,1024.3,TRUE,INTEGRATED FOREST PRODUCTS (Receivers & Managers Appointed),5.158,0,10,Good
Monash,24-09-2025,0.021,8.279,5.492,34.583,-35.418,149.094,2025,9,Spring,FALSE,9.6,1,19,0,18.6,1019,TRUE,INTEGRATED FOREST PRODUCTS (Receivers & Managers Appointed),5.158,0,10,Fair
Monash,25-09-2025,0.032,8.821,5.942,49.458,-35.418,149.094,2025,9,Spring,FALSE,11.6,7,18,0,23.6,1015.9,TRUE,INTEGRATED FOREST PRODUCTS (Receivers & Managers Appointed),5.158,0,10,Fair
Monash,26-09-2025,0.03,12.433,7.633,46.792,-35.418,149.094,2025,9,Spring,FALSE,15.6,8,22,0,26.8,1012.1,TRUE,INTEGRATED FOREST PRODUCTS (Receivers & Managers Appointed),5.158,0,10,Fair
Monash,27-09-2025,0.029,16.846,6.796,44.833,-35.418,149.094,2025,9,Spring,TRUE,15.9,9,24,0,19.8,1012.5,TRUE,INTEGRATED FOREST PRODUCTS (Receivers & Managers Appointed),5.158,0,10,Fair
Monash,28-09-2025,0.02,17.296,10.015,43.708,-35.418,149.094,2025,9,Spring,TRUE,13.1,5,21,0,14.5,1014.2,TRUE,INTEGRATED FOREST PRODUCTS (Receivers & Managers Appointed),5.158,0,10,Fair
Monash,29-09-2025,0.027,9.487,,42.25,-35.418,149.094,2025,9,Spring,FALSE,12.9,7,20,0,8.8,1017.9,TRUE,INTEGRATED FOREST PRODUCTS (Receivers & Managers Appointed),5.158,0,10,Fair
Monash,30-09-2025,0.019,9.171,7.791,38.75,-35.418,149.094,2025,9,Spring,FALSE,14.6,3,24,0,14.2,1009.5,TRUE,INTEGRATED FOREST PRODUCTS (Receivers & Managers Appointed),5.158,0,10,Fair
Monash,01-10-2025,0.03,11.554,4.871,46.042,-35.418,149.094,2025,10,Spring,FALSE,13.1,9,17,0,26.6,1008.3,TRUE,INTEGRATED FOREST PRODUCTS (Receivers & Managers Appointed),5.158,0,10,Fair
Monash,02-10-2025,0.029,7.542,2.658,44.833,-35.418,149.094,2025,10,Spring,FALSE,10,8,14,1,25.8,1010.1,TRUE,INTEGRATED FOREST PRODUCTS (Receivers & Managers Appointed),5.158,0,10,Fair
Monash,03-10-2025,0.027,7.817,4.121,41.083,-35.418,149.094,2025,10,Spring,FALSE,11.3,7,16,0,25.3,1017.8,TRUE,INTEGRATED FOREST PRODUCTS (Receivers & Managers Appointed),5.158,0,10,Fair
Monash,04-10-2025,0.018,7.575,5.133,30.458,-35.418,149.094,2025,10,Spring,TRUE,12.5,2,23,0,10.8,1023.2,TRUE,INTEGRATED FOREST PRODUCTS (Receivers & Managers Appointed),5.158,0,10,Good
Monash,05-10-2025,0.019,10.1,5.867,33.958,-35.418,149.094,2025,10,Spring,TRUE,14.8,3,24,0,12.4,1018.8,TRUE,INTEGRATED FOREST PRODUCTS (Receivers & Managers Appointed),5.158,0,10,Fair
Monash,06-10-2025,0.032,8.404,4.663,49.625,-35.418,149.094,2025,10,Spring,FALSE,16.4,8,23,0.9,25.9,1013.1,TRUE,INTEGRATED FOREST PRODUCTS (Receivers & Managers Appointed),5.158,0,10,Fair
Monash,07-10-2025,0.02,7.212,4.587,31.792,-35.418,149.094,2025,10,Spring,FALSE,9.5,2,17,0,15.2,1016.2,TRUE,INTEGRATED FOREST PRODUCTS (Receivers & Managers Appointed),5.158,0,10,Good
Monash,08-10-2025,0.024,13.688,6.679,38,-35.418,149.094,2025,10,Spring,FALSE,13.8,2,24,0,9.7,1011.5,TRUE,INTEGRATED FOREST PRODUCTS (Receivers & Managers Appointed),5.158,0,10,Fair
Monash,09-10-2025,0.032,23.858,5.512,52.125,-35.418,149.094,2025,10,Spring,FALSE,16,11,19,12,20.4,1011.2,TRUE,INTEGRATED FOREST PRODUCTS (Receivers & Managers Appointed),5.158,0,10,Fair
Monash,10-10-2025,0.023,5.792,,35.375,-35.418,149.094,2025,10,Spring,FALSE,15.2,5,22,0,11.5,1013.3,TRUE,INTEGRATED FOREST PRODUCTS (Receivers & Managers Appointed),5.158,0,10,Fair
Monash,11-10-2025,0.033,12.612,4.322,50.208,-35.418,149.094,2025,10,Spring,TRUE,16.7,11,22,,15.8,1012.5,TRUE,INTEGRATED FOREST PRODUCTS (Receivers & Managers Appointed),5.158,0,10,Fair
Monash,12-10-2025,0.027,23.446,5.621,50.917,-35.418,149.094,2025,10,Spring,TRUE,12.1,3,21,0,21.4,1012.2,TRUE,INTEGRATED FOREST PRODUCTS (Receivers & Managers Appointed),5.158,0,10,Fair
Monash,13-10-2025,0.028,8.571,3.858,43.25,-35.418,149.094,2025,10,Spring,FALSE,12.9,7,19,0,20,1016.1,TRUE,INTEGRATED FOREST PRODUCTS (Receivers & Managers Appointed),5.158,0,10,Fair
Monash,14-10-2025,0.023,10.058,3.2,35.083,-35.418,149.094,2025,10,Spring,FALSE,11.8,-1,21,0,15,1018.5,TRUE,INTEGRATED FOREST PRODUCTS (Receivers & Managers Appointed),5.158,0,10,Fair
Monash,15-10-2025,0.02,12.083,4.238,34,-35.418,149.094,2025,10,Spring,FALSE,13.6,3,24,0,10,1021.2,TRUE,INTEGRATED FOREST PRODUCTS (Receivers & Managers Appointed),5.158,0,10,Fair
Monash,16-10-2025,0.021,12.783,4.658,37.042,-35.418,149.094,2025,10,Spring,FALSE,16.1,5,27,0,13,1018.4,TRUE,INTEGRATED FOREST PRODUCTS (Receivers & Managers Appointed),5.158,0,10,Fair
Monash,17-10-2025,0.024,16.008,5.642,41.833,-35.418,149.094,2025,10,Spring,FALSE,18.5,8,28,0,17.7,1012.6,TRUE,INTEGRATED FOREST PRODUCTS (Receivers & Managers Appointed),5.158,0,10,Fair
Monash,18-10-2025,0.026,15.771,4.479,43.625,-35.418,149.094,2025,10,Spring,TRUE,16,10,25,0,12.7,1015.3,TRUE,INTEGRATED FOREST PRODUCTS (Receivers & Managers Appointed),5.158,0,10,Fair
Monash,19-10-2025,0.027,14.571,5.029,40.958,-35.418,149.094,2025,10,Spring,TRUE,16.9,7,26,0,15,1015.4,TRUE,INTEGRATED FOREST PRODUCTS (Receivers & Managers Appointed),5.158,0,10,Fair
Monash,20-10-2025,0.028,19.287,6.092,49.5,-35.418,149.094,2025,10,Spring,FALSE,21.3,8,31,0,17.8,1011.4,TRUE,INTEGRATED FOREST PRODUCTS (Receivers & Managers Appointed),5.158,0,10,Fair
Monash,21-10-2025,0.032,15.921,6.675,49.542,-35.418,149.094,2025,10,Spring,FALSE,19.6,12,26,0,10.5,1012,TRUE,INTEGRATED FOREST PRODUCTS (Receivers & Managers Appointed),5.158,0,10,Fair
Monash,22-10-2025,0.016,15.013,6.796,31.292,-35.418,149.094,2025,10,Spring,FALSE,17.2,14,25,11.1,21.2,1004.5,TRUE,INTEGRATED FOREST PRODUCTS (Receivers & Managers Appointed),5.158,0,10,Good
Monash,23-10-2025,0.029,14.133,5.646,34.708,-35.418,149.094,2025,10,Spring,FALSE,14.3,7,21,0,13.9,1012.7,TRUE,INTEGRATED FOREST PRODUCTS (Receivers & Managers Appointed),5.158,0,10,Fair
Monash,24-10-2025,0.024,10.862,4.3,38.083,-35.418,149.094,2025,10,Spring,FALSE,13.5,7,21,0,12.4,1014.2,TRUE,INTEGRATED FOREST PRODUCTS (Receivers & Managers Appointed),5.158,0,10,Fair
Monash,25-10-2025,0.024,10.712,6.446,37.917,-35.418,149.094,2025,10,Spring,TRUE,14,6,21,0,12.3,1014.8,TRUE,INTEGRATED FOREST PRODUCTS (Receivers & Managers Appointed),5.158,0,10,Fair
Monash,26-10-2025,0.024,8.767,5.867,37.583,-35.418,149.094,2025,10,Spring,TRUE,13.2,8,16,4.8,15.2,1005.8,TRUE,INTEGRATED FOREST PRODUCTS (Receivers & Managers Appointed),5.158,0,10,Fair
Monash,27-10-2025,0.026,6.033,5.008,40.875,-35.418,149.094,2025,10,Spring,FALSE,12.9,6,18,2.4,18.8,1006.3,TRUE,INTEGRATED FOREST PRODUCTS (Receivers & Managers Appointed),5.158,0,10,Fair
Monash,28-10-2025,0.026,5.75,3.904,39.792,-35.418,149.094,2025,10,Spring,FALSE,7.5,0,12,0,16,1019.7,TRUE,INTEGRATED FOREST PRODUCTS (Receivers & Managers Appointed),5.158,0,10,Fair
Monash,29-10-2025,0.024,6.408,2.642,37.458,-35.418,149.094,2025,10,Spring,FALSE,11.6,8,15,0.9,9.5,1018,TRUE,INTEGRATED FOREST PRODUCTS (Receivers & Managers Appointed),5.158,0,10,Fair
Monash,30-10-2025,0.028,3.05,2.508,42.583,-35.418,149.094,2025,10,Spring,FALSE,15.5,11,22,0.1,11.2,1017,TRUE,INTEGRATED FOREST PRODUCTS (Receivers & Managers Appointed),5.158,0,10,Fair
Monash,31-10-2025,0.027,4.671,2.633,41.792,-35.418,149.094,2025,10,Spring,FALSE,16.6,11,23,4.9,8.9,1017.9,TRUE,INTEGRATED FOREST PRODUCTS (Receivers & Managers Appointed),5.158,0,10,Fair
Monash,01-11-2025,0.027,7.533,5.1,41.542,-35.418,149.094,2025,11,Spring,TRUE,17.8,11,26,4.7,10.9,1015.6,TRUE,INTEGRATED FOREST PRODUCTS (Receivers & Managers Appointed),5.158,0,10,Fair
Monash,02-11-2025,0.028,9.1,4.658,43.708,-35.418,149.094,2025,11,Spring,TRUE,18.7,9,28,0,9.3,1012.8,TRUE,INTEGRATED FOREST PRODUCTS (Receivers & Managers Appointed),5.158,0,10,Fair
Monash,03-11-2025,0.028,12.179,6.479,45.083,-35.418,149.094,2025,11,Spring,FALSE,18.2,11,26,4.6,15.8,1005.4,TRUE,INTEGRATED FOREST PRODUCTS (Receivers & Managers Appointed),5.158,0,10,Fair
Monash,04-11-2025,0.027,6.329,4.446,41.625,-35.418,149.094,2025,11,Spring,FALSE,9.4,7,12,6.2,23.5,1007,TRUE,INTEGRATED FOREST PRODUCTS (Receivers & Managers Appointed),5.158,0,10,Fair
Monash,05-11-2025,0.025,2.058,1.883,38.208,-35.418,149.094,2025,11,Spring,FALSE,12.1,8,17,0.2,24.2,1013,TRUE,INTEGRATED FOREST PRODUCTS (Receivers & Managers Appointed),5.158,0,10,Fair
Monash,06-11-2025,0.019,7.533,3.483,30.375,-35.418,149.094,2025,11,Spring,FALSE,13.4,3,22,0,11.7,1016.7,TRUE,INTEGRATED FOREST PRODUCTS (Receivers & Managers Appointed),5.158,0,10,Good
Monash,07-11-2025,0.022,9.971,4.925,36.458,-35.418,149.094,2025,11,Spring,FALSE,17.9,10,27,0,10.7,1011.2,TRUE,INTEGRATED FOREST PRODUCTS (Receivers & Managers Appointed),5.158,0,10,Fair
Monash,08-11-2025,0.025,15.421,6.888,43.875,-35.418,149.094,2025,11,Spring,TRUE,19.3,12,28,9.6,17.8,1005,TRUE,INTEGRATED FOREST PRODUCTS (Receivers & Managers Appointed),5.158,0,10,Fair
Monash,09-11-2025,0.025,8.883,5.358,37.833,-35.418,149.094,2025,11,Spring,TRUE,13.1,7,19,0.8,13.1,1011,TRUE,INTEGRATED FOREST PRODUCTS (Receivers & Managers Appointed),5.158,0,10,Fair
Monash,10-11-2025,0.018,5.942,4.529,29.5,-35.418,149.094,2025,11,Spring,FALSE,13.5,3,23,0,14.6,1013.9,TRUE,INTEGRATED FOREST PRODUCTS (Receivers & Managers Appointed),5.158,0,10,Good
Monash,11-11-2025,0.021,6.542,3.35,32.5,-35.418,149.094,2025,11,Spring,FALSE,11.2,3,18,1.1,20,1012.8,TRUE,INTEGRATED FOREST PRODUCTS (Receivers & Managers Appointed),5.158,0,10,Good
Monash,12-11-2025,0.019,5.258,3.142,29.708,-35.418,149.094,2025,11,Spring,FALSE,10.1,-1,20,0,15.6,1016.8,TRUE,INTEGRATED FOREST PRODUCTS (Receivers & Managers Appointed),5.158,0,10,Good
Monash,13-11-2025,0.022,8.546,2.45,33.5,-35.418,149.094,2025,11,Spring,FALSE,15.5,3,25,0,19,1011.7,TRUE,INTEGRATED FOREST PRODUCTS (Receivers & Managers Appointed),5.158,0,10,Fair
Monash,14-11-2025,0.022,12.417,3.371,34.583,-35.418,149.094,2025,11,Spring,FALSE,17.8,11,26,0.1,14.8,1008.9,TRUE,INTEGRATED FOREST PRODUCTS (Receivers & Managers Appointed),5.158,0,10,Fair
Monash,15-11-2025,0.03,13.763,4.967,46.208,-35.418,149.094,2025,11,Spring,TRUE,20.2,13,29,9.2,15.2,1007,TRUE,INTEGRATED FOREST PRODUCTS (Receivers & Managers Appointed),5.158,0,10,Fair
Monash,16-11-2025,0.032,12.171,5.208,49.75,-35.418,149.094,2025,11,Spring,TRUE,18.3,11,25,0.3,26.5,1004,TRUE,INTEGRATED FOREST PRODUCTS (Receivers & Managers Appointed),5.158,0,10,Fair
Monash,17-11-2025,0.024,6.679,3.146,37.375,-35.418,149.094,2025,11,Spring,FALSE,13.2,9,18,0.3,25.8,1004.2,TRUE,INTEGRATED FOREST PRODUCTS (Receivers & Managers Appointed),5.158,0,10,Fair
Monash,18-11-2025,0.021,7.771,3.133,31.75,-35.418,149.094,2025,11,Spring,FALSE,16.8,9,24,0,22.5,1009,TRUE,INTEGRATED FOREST PRODUCTS (Receivers & Managers Appointed),5.158,0,10,Good
Monash,19-11-2025,0.018,7.879,4.242,28.292,-35.418,149.094,2025,11,Spring,FALSE,18.6,7,27,0,11.8,1010.4,TRUE,INTEGRATED FOREST PRODUCTS (Receivers & Managers Appointed),5.158,0,10,Good
Monash,20-11-2025,0.018,10.296,4.204,30.042,-35.418,149.094,2025,11,Spring,FALSE,18.8,10,29,0.3,15.1,1011.8,TRUE,INTEGRATED FOREST PRODUCTS (Receivers & Managers Appointed),5.158,0,10,Good
Monash,21-11-2025,0.021,5.1,3.133,31.792,-35.418,149.094,2025,11,Spring,FALSE,13.3,11,15,0,16.4,1020.2,TRUE,INTEGRATED FOREST PRODUCTS (Receivers & Managers Appointed),5.158,0,10,Good
Monash,22-11-2025,0.02,4.083,2.729,31.292,-35.418,149.094,2025,11,Spring,TRUE,15.2,13,17,0.1,12.3,1018.2,TRUE,INTEGRATED FOREST PRODUCTS (Receivers & Managers Appointed),5.158,0,10,Good
Monash,23-11-2025,0.024,4.125,2.429,36.875,-35.418,149.094,2025,11,Spring,TRUE,19.6,14,26,15.1,12.8,1009.3,TRUE,INTEGRATED FOREST PRODUCTS (Receivers & Managers Appointed),5.158,0,10,Fair
Monash,24-11-2025,0.027,3.458,3.304,41.625,-35.418,149.094,2025,11,Spring,FALSE,18.4,11,27,0.2,10.9,1007.6,TRUE,INTEGRATED FOREST PRODUCTS (Receivers & Managers Appointed),5.158,0,10,Fair
Monash,25-11-2025,0.029,7.413,2.646,44.125,-35.418,149.094,2025,11,Spring,FALSE,22,14,31,0,19.9,1002.2,TRUE,INTEGRATED FOREST PRODUCTS (Receivers & Managers Appointed),5.158,0,10,Fair
Monash,26-11-2025,0.03,17.175,5.262,46.417,-35.418,149.094,2025,11,Spring,FALSE,19.8,12,26,0,23.5,999.4,TRUE,INTEGRATED FOREST PRODUCTS (Receivers & Managers Appointed),5.158,0,10,Fair
Monash,27-11-2025,0.028,24.992,5.888,52.917,-35.418,149.094,2025,11,Spring,FALSE,18.4,11,24,0,23.8,1003.8,TRUE,INTEGRATED FOREST PRODUCTS (Receivers & Managers Appointed),5.158,0,10,Fair
Monash,28-11-2025,0.023,11.908,3.792,35.25,-35.418,149.094,2025,11,Spring,FALSE,18,5,27,0,16,1007.3,TRUE,INTEGRATED FOREST PRODUCTS (Receivers & Managers Appointed),5.158,0,10,Fair
Monash,29-11-2025,0.019,11.875,4.217,35.583,-35.418,149.094,2025,11,Spring,TRUE,17.2,12,22,1.8,16.7,1002.3,TRUE,INTEGRATED FOREST PRODUCTS (Receivers & Managers Appointed),5.158,0,10,Fair
Monash,30-11-2025,0.023,5.925,4.854,35.75,-35.418,149.094,2025,11,Spring,TRUE,12.9,7,18,0.7,19.5,1006.7,TRUE,INTEGRATED FOREST PRODUCTS (Receivers & Managers Appointed),5.158,0,10,Fair
Monash,01-12-2025,0.022,5.1,2.575,34.292,-35.418,149.094,2025,12,Summer,FALSE,12.2,8,18,2.1,24.2,1005.8,TRUE,INTEGRATED FOREST PRODUCTS (Receivers & Managers Appointed),5.158,0,10,Fair
Monash,02-12-2025,0.018,5.346,3.738,28.375,-35.418,149.094,2025,12,Summer,FALSE,12.5,1,21,0,14,1011.9,TRUE,INTEGRATED FOREST PRODUCTS (Receivers & Managers Appointed),5.158,0,10,Good
Monash,03-12-2025,0.019,8.15,4.746,30,-35.418,149.094,2025,12,Summer,FALSE,16.5,4,27,0,12.3,1017.9,TRUE,INTEGRATED FOREST PRODUCTS (Receivers & Managers Appointed),5.158,0,10,Good
Monash,04-12-2025,0.024,11.171,6.033,39.792,-35.418,149.094,2025,12,Summer,FALSE,20.4,7,31,,14.2,1017.2,TRUE,INTEGRATED FOREST PRODUCTS (Receivers & Managers Appointed),5.158,0,10,Fair
Monash,05-12-2025,0.026,15.517,6.092,42.167,-35.418,149.094,2025,12,Summer,FALSE,25,13,35,,16.4,1013.1,TRUE,INTEGRATED FOREST PRODUCTS (Receivers & Managers Appointed),5.158,0,10,Fair
Monash,06-12-2025,0.031,14.546,4.9,48.042,-35.418,149.094,2025,12,Summer,TRUE,26.9,17,34,,24,1007.2,TRUE,INTEGRATED FOREST PRODUCTS (Receivers & Managers Appointed),5.158,0,10,Fair
Monash,07-12-2025,0.027,13.846,5.092,40.917,-35.418,149.094,2025,12,Summer,TRUE,19.1,11,26,,21.4,1010,TRUE,INTEGRATED FOREST PRODUCTS (Receivers & Managers Appointed),5.158,0,10,Fair
Monash,08-12-2025,0.025,13.329,6.154,38.208,-35.418,149.094,2025,12,Summer,FALSE,19,10,27,,14.7,1013.5,TRUE,INTEGRATED FOREST PRODUCTS (Receivers & Managers Appointed),5.158,0,10,Fair
Monash,09-12-2025,0.021,13.108,5.371,34.625,-35.418,149.094,2025,12,Summer,FALSE,20.6,8,33,,13.2,1014.9,TRUE,INTEGRATED FOREST PRODUCTS (Receivers & Managers Appointed),5.158,0,10,Fair
Monash,10-12-2025,0.026,16.35,7.2,40.792,-35.418,149.094,2025,12,Summer,FALSE,20,13,33,,14.8,1019.8,TRUE,INTEGRATED FOREST PRODUCTS (Receivers & Managers Appointed),5.158,0,10,Fair
Monash,11-12-2025,0.018,14.462,7.512,32.583,-35.418,149.094,2025,12,Summer,FALSE,17,11,24,,17.3,1020.9,TRUE,INTEGRATED FOREST PRODUCTS (Receivers & Managers Appointed),5.158,0,10,Good
Monash,12-12-2025,0.022,8.921,6.025,33.708,-35.418,149.094,2025,12,Summer,FALSE,17.3,14,23,,12.5,1018.1,TRUE,INTEGRATED FOREST PRODUCTS (Receivers & Managers Appointed),5.158,0,10,Fair
Monash,13-12-2025,0.024,6.8,4.308,36.917,-35.418,149.094,2025,12,Summer,TRUE,16.1,9,23,,10.4,1012,TRUE,INTEGRATED FOREST PRODUCTS (Receivers & Managers Appointed),5.158,0,10,Fair
Monash,14-12-2025,0.027,6.683,4.321,40.958,-35.418,149.094,2025,12,Summer,TRUE,19.7,13,27,,21.8,1007.2,TRUE,INTEGRATED FOREST PRODUCTS (Receivers & Managers Appointed),5.158,0,10,Fair
Monash,15-12-2025,0.025,15.033,8.433,40,-35.418,149.094,2025,12,Summer,FALSE,16.8,8,26,,13.6,1013.2,TRUE,INTEGRATED FOREST PRODUCTS (Receivers & Managers Appointed),5.158,0,10,Fair
Monash,16-12-2025,0.025,16.037,8.288,41.625,-35.418,149.094,2025,12,Summer,FALSE,17.9,13,25,,15.8,1021.2,TRUE,INTEGRATED FOREST PRODUCTS (Receivers & Managers Appointed),5.158,0,10,Fair
Monash,17-12-2025,0.028,11.696,5.796,42.875,-35.418,149.094,2025,12,Summer,FALSE,22.8,13,33,,12.6,1021.6,TRUE,INTEGRATED FOREST PRODUCTS (Receivers & Managers Appointed),5.158,0,10,Fair
Monash,18-12-2025,0.033,17.254,9.579,52.542,-35.418,149.094,2025,12,Summer,FALSE,26.5,15,37,,12.7,1016.1,TRUE,INTEGRATED FOREST PRODUCTS (Receivers & Managers Appointed),5.158,0,10,Fair
Monash,19-12-2025,0.03,20.096,10.333,53.708,-35.418,149.094,2025,12,Summer,FALSE,25,14,38,,11.5,1012.5,TRUE,INTEGRATED FOREST PRODUCTS (Receivers & Managers Appointed),5.158,0,10,Fair
Monash,20-12-2025,0.03,15.267,8.604,49.542,-35.418,149.094,2025,12,Summer,TRUE,23.2,17,33,,13,1009.8,TRUE,INTEGRATED FOREST PRODUCTS (Receivers & Managers Appointed),5.158,0,10,Fair
Monash,21-12-2025,0.021,7.4,6.025,37.208,-35.418,149.094,2025,12,Summer,TRUE,20.3,16,28,,9,1006,TRUE,INTEGRATED FOREST PRODUCTS (Receivers & Managers Appointed),5.158,0,10,Fair
Monash,22-12-2025,0.028,5.842,4.238,43.458,-35.418,149.094,2025,12,Summer,FALSE,20.9,14,27,,11.6,1006.3,TRUE,INTEGRATED FOREST PRODUCTS (Receivers & Managers Appointed),5.158,0,10,Fair
Monash,23-12-2025,0.027,6.983,6.321,41.333,-35.418,149.094,2025,12,Summer,FALSE,19.8,12,27,,16.8,1010.1,TRUE,INTEGRATED FOREST PRODUCTS (Receivers & Managers Appointed),5.158,0,10,Fair
Monash,24-12-2025,0.022,11.858,7.65,38.458,-35.418,149.094,2025,12,Summer,FALSE,19.3,9,28,,17.5,1011,TRUE,INTEGRATED FOREST PRODUCTS (Receivers & Managers Appointed),5.158,0,10,Fair
Monash,25-12-2025,0.024,11.304,7,36.667,-35.418,149.094,2025,12,Summer,FALSE,16.9,9,27,,14.8,1010.5,TRUE,INTEGRATED FOREST PRODUCTS (Receivers & Managers Appointed),5.158,0,10,Fair
Monash,26-12-2025,0.02,12.158,7.329,32.875,-35.418,149.094,2025,12,Summer,FALSE,14.1,8,21,,16.8,1014.5,TRUE,INTEGRATED FOREST PRODUCTS (Receivers & Managers Appointed),5.158,0,10,Good
Monash,27-12-2025,0.019,8.804,4.492,29.833,-35.418,149.094,2025,12,Summer,TRUE,15.2,7,26,,12.8,1016.5,TRUE,INTEGRATED FOREST PRODUCTS (Receivers & Managers Appointed),5.158,0,10,Good
Monash,28-12-2025,0.019,9.904,5.125,29.292,-35.418,149.094,2025,12,Summer,TRUE,16.1,8,25,,17.1,1020,TRUE,INTEGRATED FOREST PRODUCTS (Receivers & Managers Appointed),5.158,0,10,Good
Monash,29-12-2025,0.019,11.058,5.188,30.667,-35.418,149.094,2025,12,Summer,FALSE,17.8,7,29,,10.5,1019.3,TRUE,INTEGRATED FOREST PRODUCTS (Receivers & Managers Appointed),5.158,0,10,Good
Monash,30-12-2025,0.021,13.071,6.708,34.833,-35.418,149.094,2025,12,Summer,FALSE,20.2,9,33,,12.3,1012.9,TRUE,INTEGRATED FOREST PRODUCTS (Receivers & Managers Appointed),5.158,0,10,Fair
Monash,31-12-2025,0.024,12.279,7.975,39.917,-35.418,149.094,2025,12,Summer,FALSE,19.4,14,27,,15.6,1010.5,TRUE,INTEGRATED FOREST PRODUCTS (Receivers & Managers Appointed),5.158,0,10,Fair
Monash,01-01-2026,0.019,6.579,5.308,25.043,-35.418,149.094,2026,1,Summer,FALSE,15.5,12,19,0,16.1,1015.6,TRUE,INTEGRATED FOREST PRODUCTS (Receivers & Managers Appointed),5.158,0,10,Good
Monash,02-01-2026,0.017,8.275,4.779,21.696,-35.418,149.094,2026,1,Summer,FALSE,15.8,6,26,0,12.3,1017.5,TRUE,INTEGRATED FOREST PRODUCTS (Receivers & Managers Appointed),5.158,0,10,Good
Monash,03-01-2026,0.025,7.721,3.425,32.13,-35.418,149.094,2026,1,Summer,TRUE,21.2,14,31,2.7,12.5,1013.9,TRUE,INTEGRATED FOREST PRODUCTS (Receivers & Managers Appointed),5.158,0,10,Good
Monash,04-01-2026,0.027,9.875,6.558,34.217,-35.418,149.094,2026,1,Summer,TRUE,19.6,13,30,3.7,11.6,1012,TRUE,INTEGRATED FOREST PRODUCTS (Receivers & Managers Appointed),5.158,0,10,Fair
Monash,05-01-2026,0.021,8.462,6.279,35.435,-35.418,149.094,2026,1,Summer,FALSE,19.4,10,32,4.4,11.5,1013,TRUE,INTEGRATED FOREST PRODUCTS (Receivers & Managers Appointed),5.158,0,10,Fair
Monash,06-01-2026,0.025,7.388,6.096,36.696,-35.418,149.094,2026,1,Summer,FALSE,22,12,32,0,11.1,1016.5,TRUE,INTEGRATED FOREST PRODUCTS (Receivers & Managers Appointed),5.158,0,10,Fair
Monash,07-01-2026,0.032,12.496,8.7,45.217,-35.418,149.094,2026,1,Summer,FALSE,26.6,16,37,0,10.2,1018.4,TRUE,INTEGRATED FOREST PRODUCTS (Receivers & Managers Appointed),5.158,0,10,Fair
Monash,08-01-2026,0.033,14.825,10.692,51.955,-35.418,149.094,2026,1,Summer,FALSE,28.2,17,38,0,12.1,1016.5,TRUE,INTEGRATED FOREST PRODUCTS (Receivers & Managers Appointed),5.158,0,10,Fair
Monash,09-01-2026,0.034,18.1,10.571,54.435,-35.418,149.094,2026,1,Summer,FALSE,29.3,18,38,0,18.9,1011.9,TRUE,INTEGRATED FOREST PRODUCTS (Receivers & Managers Appointed),5.158,0,10,Fair
Monash,10-01-2026,0.036,18.079,9.579,43.565,-35.418,149.094,2026,1,Summer,TRUE,29.3,23,36,0,30,1007,TRUE,INTEGRATED FOREST PRODUCTS (Receivers & Managers Appointed),5.158,0,10,Fair
Monash,11-01-2026,0.025,31.371,19.108,75.696,-35.418,149.094,2026,1,Summer,TRUE,18.2,14,23,0.3,19.1,1015.2,TRUE,INTEGRATED FOREST PRODUCTS (Receivers & Managers Appointed),5.158,0,10,Poor
Monash,12-01-2026,0.023,25.475,18.608,75.174,-35.418,149.094,2026,1,Summer,FALSE,18,12,25,0,16.6,1018.1,TRUE,INTEGRATED FOREST PRODUCTS (Receivers & Managers Appointed),5.158,0,10,Poor
Monash,13-01-2026,0.029,13.775,6.671,39.087,-35.418,149.094,2026,1,Summer,FALSE,22.6,17,32,0,9.1,1012,TRUE,INTEGRATED FOREST PRODUCTS (Receivers & Managers Appointed),5.158,0,10,Fair
Monash,14-01-2026,0.032,22.2,16.025,63.652,-35.418,149.094,2026,1,Summer,FALSE,21.8,16,31,3.3,12.9,1010.6,TRUE,INTEGRATED FOREST PRODUCTS (Receivers & Managers Appointed),5.158,0,10,Fair
Monash,15-01-2026,0.026,14.652,9.396,44.455,-35.418,149.094,2026,1,Summer,FALSE,20.8,17,27,1.6,15,1007.5,TRUE,INTEGRATED FOREST PRODUCTS (Receivers & Managers Appointed),5.158,0,10,Fair
Monash,16-01-2026,0.02,5.71,4.495,24.65,-35.418,149.094,2026,1,Summer,FALSE,18.5,12,25,1.4,25.5,1008,TRUE,INTEGRATED FOREST PRODUCTS (Receivers & Managers Appointed),5.158,0,10,Good
Monash,17-01-2026,0.02,2.842,2.475,25.348,-35.418,149.094,2026,1,Summer,TRUE,16.6,15,19,0.4,25.2,1014.7,TRUE,INTEGRATED FOREST PRODUCTS (Receivers & Managers Appointed),5.158,0,10,Good
Monash,18-01-2026,0.017,6.033,3.375,21.826,-35.418,149.094,2026,1,Summer,TRUE,16.4,13,21,1.9,22.8,1017,TRUE,INTEGRATED FOREST PRODUCTS (Receivers & Managers Appointed),5.158,0,10,Good
Monash,19-01-2026,0.017,7.762,2.838,20.773,-35.418,149.094,2026,1,Summer,FALSE,17,11,22,0,18.1,1016,TRUE,INTEGRATED FOREST PRODUCTS (Receivers & Managers Appointed),5.158,0,10,Good
Monash,20-01-2026,0.017,6.308,2.692,21.783,-35.418,149.094,2026,1,Summer,FALSE,18.8,13,25,0,13.5,1011.7,TRUE,INTEGRATED FOREST PRODUCTS (Receivers & Managers Appointed),5.158,0,10,Good
Monash,21-01-2026,0.022,10.708,5.117,30,-35.418,149.094,2026,1,Summer,FALSE,21,15,31,0,12.5,1006.8,TRUE,INTEGRATED FOREST PRODUCTS (Receivers & Managers Appointed),5.158,0,10,Good
Monash,22-01-2026,0.019,12.583,7.65,31.409,-35.418,149.094,2026,1,Summer,FALSE,18.6,13,27,0,14.4,1009.4,TRUE,INTEGRATED FOREST PRODUCTS (Receivers & Managers Appointed),5.158,0,10,Good
Monash,23-01-2026,0.022,13.175,6.938,31.696,-35.418,149.094,2026,1,Summer,FALSE,17.4,7,27,0,13.8,1017,TRUE,INTEGRATED FOREST PRODUCTS (Receivers & Managers Appointed),5.158,0,10,Good
Monash,24-01-2026,0.028,17.713,7.262,40.087,-35.418,149.094,2026,1,Summer,TRUE,22,12,35,0,14.8,1013.4,TRUE,INTEGRATED FOREST PRODUCTS (Receivers & Managers Appointed),5.158,0,10,Fair
Monash,25-01-2026,0.031,20.117,12.338,49.739,-35.418,149.094,2026,1,Summer,TRUE,25.8,13,37,0,11.5,1010,TRUE,INTEGRATED FOREST PRODUCTS (Receivers & Managers Appointed),5.158,0,10,Fair
Monash,26-01-2026,0.029,29.158,16.012,63.304,-35.418,149.094,2026,1,Summer,FALSE,21.8,15,30,0,13.8,1013.1,TRUE,INTEGRATED FOREST PRODUCTS (Receivers & Managers Appointed),5.158,0,10,Fair
Monash,27-01-2026,0.03,19.492,11.104,53.696,-35.418,149.094,2026,1,Summer,FALSE,22.9,11,35,0,9.8,1013.6,TRUE,INTEGRATED FOREST PRODUCTS (Receivers & Managers Appointed),5.158,0,10,Fair
Monash,28-01-2026,0.031,18.996,9.029,44.565,-35.418,149.094,2026,1,Summer,FALSE,27.3,15,42,0,11.2,1013.2,TRUE,INTEGRATED FOREST PRODUCTS (Receivers & Managers Appointed),5.158,0,10,Fair
Monash,29-01-2026,0.032,22.661,12.7,50.364,-35.418,149.094,2026,1,Summer,FALSE,24.1,18,33,0,13.5,1018.8,TRUE,INTEGRATED FOREST PRODUCTS (Receivers & Managers Appointed),5.158,0,10,Fair
Monash,30-01-2026,0.031,15.196,8.367,48.826,-35.418,149.094,2026,1,Summer,FALSE,27.8,19,40,0,16.7,1015.8,TRUE,INTEGRATED FOREST PRODUCTS (Receivers & Managers Appointed),5.158,0,10,Fair
Monash,31-01-2026,0.033,17.017,9.071,44.696,-35.418,149.094,2026,1,Summer,TRUE,29.6,18,41,0,13.7,1009.4,TRUE,INTEGRATED FOREST PRODUCTS (Receivers & Managers Appointed),5.158,0,10,Fair
Monash,01-02-2026,0.033,17.717,9.7,44,-35.418,149.094,2026,2,Summer,TRUE,24.5,17,30,2.5,15.5,1008,TRUE,INTEGRATED FOREST PRODUCTS (Receivers & Managers Appointed),5.158,0,10,Fair
Monash,02-02-2026,0.02,8.212,7.012,28,-35.418,149.094,2026,2,Summer,FALSE,15.6,9,23,1.3,23.1,1020.9,TRUE,INTEGRATED FOREST PRODUCTS (Receivers & Managers Appointed),5.158,0,10,Good
Monash,03-02-2026,0.018,10.496,4.492,24.609,-35.418,149.094,2026,2,Summer,FALSE,15.8,6,24,0,10.8,1024.5,TRUE,INTEGRATED FOREST PRODUCTS (Receivers & Managers Appointed),5.158,0,10,Good
Monash,04-02-2026,0.023,12.4,4.975,32.739,-35.418,149.094,2026,2,Summer,FALSE,21.7,10,32,0,11.2,1019.2,TRUE,INTEGRATED FOREST PRODUCTS (Receivers & Managers Appointed),5.158,0,10,Good
Monash,05-02-2026,0.026,14.888,6.675,37.143,-35.418,149.094,2026,2,Summer,FALSE,24.1,14,36,0,11.3,1018,TRUE,INTEGRATED FOREST PRODUCTS (Receivers & Managers Appointed),5.158,0,10,Fair
Monash,06-02-2026,0.03,19.517,9.046,42.174,-35.418,149.094,2026,2,Summer,FALSE,23.3,11,36,0,14.2,1019,TRUE,INTEGRATED FOREST PRODUCTS (Receivers & Managers Appointed),5.158,0,10,Fair
Monash,07-02-2026,0.025,16.392,7.688,38.609,-35.418,149.094,2026,2,Summer,TRUE,23.8,14,35,0,14,1018.5,TRUE,INTEGRATED FOREST PRODUCTS (Receivers & Managers Appointed),5.158,0,10,Fair
Monash,08-02-2026,0.026,11.025,5.337,32.174,-35.418,149.094,2026,2,Summer,TRUE,18.3,17,20,6,7.5,1017.8,TRUE,INTEGRATED FOREST PRODUCTS (Receivers & Managers Appointed),5.158,0,10,Good
Monash,09-02-2026,0.026,5.529,5.058,33.043,-35.418,149.094,2026,2,Summer,FALSE,22,18,29,1.5,9.7,1014.2,TRUE,INTEGRATED FOREST PRODUCTS (Receivers & Managers Appointed),5.158,0,10,Fair
Monash,10-02-2026,0.025,9.354,8.067,41.435,-35.418,149.094,2026,2,Summer,FALSE,22.3,15,31,0.1,10.8,1015,TRUE,INTEGRATED FOREST PRODUCTS (Receivers & Managers Appointed),5.158,0,10,Fair
Monash,11-02-2026,0.027,8.517,6.804,41.87,-35.418,149.094,2026,2,Summer,FALSE,24.1,15.5,32.8,0,12.6,1008.8,TRUE,INTEGRATED FOREST PRODUCTS (Receivers & Managers Appointed),5.158,0,10,Fair
Monash,12-02-2026,0.032,12.467,7.146,37.261,-35.418,149.094,2026,2,Summer,FALSE,19.7,14,22.6,,13.9,1004.5,TRUE,INTEGRATED FOREST PRODUCTS (Receivers & Managers Appointed),5.158,0,10,Fair
Monash,13-02-2026,0.023,13.379,8.358,33.478,-35.418,149.094,2026,2,Summer,FALSE,16.7,12,23,,9.3,1017.1,TRUE,INTEGRATED FOREST PRODUCTS (Receivers & Managers Appointed),5.158,0,10,Fair
Monash,14-02-2026,0.021,12.462,7.975,31.565,-35.418,149.094,2026,2,Summer,TRUE,16.9,12,22,,8.4,1021.5,TRUE,INTEGRATED FOREST PRODUCTS (Receivers & Managers Appointed),5.158,0,10,Good
Monash,15-02-2026,0.017,7.579,4.367,23.957,-35.418,149.094,2026,2,Summer,TRUE,17.8,10,25,,8,1020.3,TRUE,INTEGRATED FOREST PRODUCTS (Receivers & Managers Appointed),5.158,0,10,Good
Monash,16-02-2026,0.017,5.504,3.146,21.913,-35.418,149.094,2026,2,Summer,FALSE,18.8,13,25,,11.4,1017.8,TRUE,INTEGRATED FOREST PRODUCTS (Receivers & Managers Appointed),5.158,0,10,Good
Monash,17-02-2026,0.022,7.371,3.512,29.652,-35.418,149.094,2026,2,Summer,FALSE,20.6,11,29,,11.4,1012,TRUE,INTEGRATED FOREST PRODUCTS (Receivers & Managers Appointed),5.158,0,10,Good
Monash,18-02-2026,0.026,12.217,3.808,32.783,-35.418,149.094,2026,2,Summer,FALSE,24.5,18,30,,21,1008.6,TRUE,INTEGRATED FOREST PRODUCTS (Receivers & Managers Appointed),5.158,0,10,Good
Monash,19-02-2026,0.025,14.05,5.233,37.238,-35.418,149.094,2026,2,Summer,FALSE,20.5,12,32,,12.3,1015.2,TRUE,INTEGRATED FOREST PRODUCTS (Receivers & Managers Appointed),5.158,0,10,Fair
Monash,20-02-2026,0.029,14.508,6.004,38.913,-35.418,149.094,2026,2,Summer,FALSE,23.5,18,33,,11.7,1016,TRUE,INTEGRATED FOREST PRODUCTS (Receivers & Managers Appointed),5.158,0,10,Fair
Monash,21-02-2026,0.032,15.367,7.971,42.696,-35.418,149.094,2026,2,Summer,TRUE,23.5,16,33,,11,1012.9,TRUE,INTEGRATED FOREST PRODUCTS (Receivers & Managers Appointed),5.158,0,10,Fair
Monash,22-02-2026,0.03,14.583,9.146,39.435,-35.418,149.094,2026,2,Summer,TRUE,20.8,17,27,,12.8,1011.4,TRUE,INTEGRATED FOREST PRODUCTS (Receivers & Managers Appointed),5.158,0,10,Fair
Monash,23-02-2026,0.022,8.479,5.592,32.609,-35.418,149.094,2026,2,Summer,FALSE,21.9,18,31,,8.7,1013.2,TRUE,INTEGRATED FOREST PRODUCTS (Receivers & Managers Appointed),5.158,0,10,Good
Monash,24-02-2026,0.031,7.612,5.5,39.913,-35.418,149.094,2026,2,Summer,FALSE,24.7,18,32,,6.3,1016.7,TRUE,INTEGRATED FOREST PRODUCTS (Receivers & Managers Appointed),5.158,0,10,Fair
Monash,25-02-2026,0.028,14.583,8.625,40.609,-35.418,149.094,2026,2,Summer,FALSE,21.8,18,30,,6,1016.4,TRUE,INTEGRATED FOREST PRODUCTS (Receivers & Managers Appointed),5.158,0,10,Fair
Monash,26-02-2026,0.02,4.908,3.588,27.522,-35.418,149.094,2026,2,Summer,FALSE,19.2,17,23,,8.6,1020.4,TRUE,INTEGRATED FOREST PRODUCTS (Receivers & Managers Appointed),5.158,0,10,Good
Monash,27-02-2026,0.019,2.497,2.236,24.9,-35.418,149.094,2026,2,Summer,FALSE,19,16,23,,9,1020.3,TRUE,INTEGRATED FOREST PRODUCTS (Receivers & Managers Appointed),5.158,0,10,Good
Monash,28-02-2026,0.018,4.326,1.516,,-35.418,149.094,2026,2,Summer,TRUE,19.4,16,24.4,,12.4,1018.9,TRUE,INTEGRATED FOREST PRODUCTS (Receivers & Managers Appointed),5.158,0,10,
Monash,01-03-2026,0.02,6.58,2.326,,-35.418,149.094,2026,3,Autumn,TRUE,19.2,15.6,23.3,,11.5,1015.8,TRUE,INTEGRATED FOREST PRODUCTS (Receivers & Managers Appointed),5.158,0,10,
Monash,02-03-2026,0.011,9.266,3.066,20.636,-35.418,149.094,2026,3,Autumn,FALSE,20.2,16.7,24,,8.6,1012.2,TRUE,INTEGRATED FOREST PRODUCTS (Receivers & Managers Appointed),5.158,0,10,Good
Monash,03-03-2026,0.017,5.685,2.464,21.174,-35.418,149.094,2026,3,Autumn,FALSE,21.2,18.2,24.8,,10,1011.8,TRUE,INTEGRATED FOREST PRODUCTS (Receivers & Managers Appointed),5.158,0,10,Good
Monash,04-03-2026,0.02,4.688,2.855,25.591,-35.418,149.094,2026,3,Autumn,FALSE,22.2,17.9,27.9,,10.9,1012,TRUE,INTEGRATED FOREST PRODUCTS (Receivers & Managers Appointed),5.158,0,10,Good
Monash,05-03-2026,0.018,8.822,2.464,25.304,-35.418,149.094,2026,3,Autumn,FALSE,22.5,17.3,29.2,,12,1011.9,TRUE,INTEGRATED FOREST PRODUCTS (Receivers & Managers Appointed),5.158,0,10,Good
Monash,06-03-2026,0.017,13.122,7.353,34.895,-35.418,149.094,2026,3,Autumn,FALSE,21.3,16.1,27.6,,11,1013.3,TRUE,INTEGRATED FOREST PRODUCTS (Receivers & Managers Appointed),5.158,0,10,Fair
